name,id,title,description,coding,polarity
Antonin,ny-daily-news,"Adams, during trip to Israel, urges Netanyahu to attend Mamdani inauguration despite arrest threat","With less than two months to go in his term, Mayor Adams met with Israeli...",Political Interaction,Neutral
Antonin,ny-daily-news,Mamdani says he wants to meet with Trump for good of NYC,"Trump suggested Sunday that Mamdani had already agreed he ""would like to meet"" with Trump...",Political Interaction,Neutral
Antonin,ny-daily-news,Mamdani weighs in on NYC legislative race where drawing ‘the fire of the Israeli lobby’ a key issue,"Fresh off of his mayoral election victory, democratic socialist Zohran Mamdani is already weighing in...",Opinion,Positive
Antonin,ny-daily-news,Zohran Mamdani and funding for the arts,The race for mayor of New York City is over — and what a race...,Policy,Neutral
Antonin,ny-daily-news,Zohran Mamdani and NYC’s Jews: What kind of Jewish community do we want to be?,"In the most Jewish city in America, it’s no surprise that Jews played central roles...",Opinion,Neutral
Antonin,ny-daily-news,Zohran Mamdani and NYC’s Jews: Conceding the election but not the concern,"For many New Yorkers, Election Day was cause for celebration: the anticipation of a new...",Social Response,Positive
Antonin,ny-daily-news,Mamdani’s property tax challenge: The new mayor should fix the long-standing unfair mess,"If the new mayor, Zohran Mamdani, can solve New York City's unfair property tax puzzle,...",Policy,Positive
Antonin,ny-daily-news,"Mamdani, Tisch could clash over proactive policing , legality of NYPD stops",The latest report from the federal monitor overseeing civil rights compliance at the NYPD points...,Political Interaction,Neutral
Antonin,ny-daily-news,"Ahead of Mamdani taking office, Mayor Adams makes changes in NYC response to mental health calls","Under the changes, NYC Health + Hospitals, which currently operates the program with FDNY, would...",Social Response,Neutral
Antonin,ny-daily-news,"Mamdani, Hochul prep for possibility of troops, funding cuts if Trump moves on NYC","For months, Trump has threatened to cut federal funding for New York and potentially boost...",Social Response,Negative
Antonin,ny-daily-news,Advocates urge NYC schools request pause on class-size caps before Mamdani takes office,"The coalition behind the public plea — Educators 4 Excellence, Robin Hood, and EdTrust-New York...",Social Response,Negative
Antonin,ny-daily-news,NYC Council backs Mamdani push for increased childcare funding from Albany,"The Council, under the leadership of outgoing Speaker Adrienne Adams, unveiled its reasoning in a...",Policy,Positive
Antonin,ny-daily-news,Mamdani rips Mayor Adams for making Elizabeth St. Garden housing project ‘nearly impossible’,"Mayor-elect Zohran Mamdani, in a departure from his typically optimistic outlook, said Thursday it will...",Policy,Neutral
Antonin,ny-daily-news,Steer clear: Zohran Mamdani would be smart to stay out of Council speaker race,Zohran Mamdani should stay out of and stay away from the contest to elect the...,Opinion,Negative
Antonin,ny-daily-news,"Mamdani eyeing DOT veterans, including ‘Vision Zero’ czar, for Transportation commissioner","Ryan Russo and Nivardo Lopez, two veterans of the department with deep experience in street...",Policy,Negative
Antonin,ny-daily-news,"Readers sound off on fear of Mamdani, the NESE pipeline and DNA’s discoverer","Manhattan: Last month, The News reported on a poll of American Jews. Sixty-one percent thought...",Social Response,Positive
Antonin,ny-daily-news,"Mamdani taps ex-de Blasio deputy, campaign manger as top City Hall aides","The appointments of Fuleihan, a 74-year-old de Blasio administration alum, and Bisgaard-Church, a 34-year-old member...",Election,Neutral
Antonin,ny-daily-news,Buses must have fares: Zohran Mamdani’s free buses plan is a no go,We are glad that Gov. Hochul has now gotten on the bus along with MTA...,Policy,Negative
Antonin,ny-daily-news,Zionism and Zohran: A half century since the UN’s despicable ‘Zionism is racism’ and the new Mayor Mamdani,It was 50 years ago today on the East Side of Manhattan when a cabal...,Political Identity,Negative
Antonin,ny-daily-news,Mamdani can’t abandon criminal justice reform,"As the media and the debates made clear, the question of crime, and the perception...",Policy,Neutral
Antonin,ny-daily-news,"Readers sound off on Mamdani’s promise, non-gendered language and getting too drunk","New Rochelle, N.Y.: It pains me to read so much doomsday forecasting due to a...",Policy,Negative
Antonin,ny-daily-news,NYC youth celebrate Mamdani win as first Muslim and South Asian mayor,The election of the city's youngest mayor in over a century has resonated particularly with...,Political Identity,Positive
Antonin,ny-daily-news,Greene: Mamdani needs a new New York soundtrack,Mamdani sauntered onstage election night to the blaring music of one of New York City’s...,Election,Negative
Antonin,ny-daily-news,"ICE, Houston PD trying to poach NYPD cops in wake of Mamdani mayoral victory",The controversial Immigration and Customs Enforcement agency is running a recruitment campaign targeting potentially disgruntled...,Social Response,Neutral
Antonin,ny-daily-news,"Readers sound off on Airbnb’s co-founder, Mamdani’s proposals and a thrown sub","Brooklyn: I am writing about the op-ed ""Keeping Black and Brown N.Y.ers here"" (Oct. 30)....",Policy,Negative
Antonin,ny-daily-news,"Mamdani win upends NYC electoral politics: Sorry Boomers, Gen Z and Millennials now in charge","Around 1.16 million New Yorkers under 55 voted in the Nov. 4 contest, making up...",Election,Neutral
Antonin,ny-daily-news,What Mamdani’s election really says about voters,"In electing Zohran Mamdani as mayor, New York City voters just reminded the country who...",Election,Neutral
Antonin,ny-daily-news,"Readers sound off on flash flooding, smearing Mamdani and a blue wave",Woodside: Last week’s rainstorm caused widespread flash flooding across all the boroughs of New York...,Election,Negative
Antonin,ny-daily-news,"Obama, Biden praise Mamdani in post-election calls, signaling key Democratic Party support","The congratulatory messages from the two ex-presidents, who are among the Democratic party's most popular...",Political Interaction,Positive
Antonin,ny-daily-news,"Readers sound off on Mamdani’s win, NYC’s future and softening on climate change","Dumont, N.J.: To Voicer Eric Noreen: Democratic socialism does not scare me, a lifelong Democrat...",Political Identity,Neutral
Antonin,ny-daily-news,White House removes altered Knicks logo mocking Mamdani after team reached out: report,The Knicks previously sent a cease-and-desist letter to Mamdani over his use of an altered...,Social Response,Negative
Antonin,ny-daily-news,Zohran Mamdani must do more than talk about fighting antisemitism. He needs to stop fostering it.,"Having now been elected mayor, Zohran Mamdani will have to change his ways if he...",Opinion,Negative
Antonin,ny-daily-news,"Bitterness marks final moments of mayoral campaign: No Cuomo concession call, Mamdani rails in speech","Andrew Cuomo didn't call Zohran Mamdani to congratulate him Tuesday night, while Mamdani started his...",Political Interaction,Negative
Antonin,ny-daily-news,Bobblehead Museum taking orders for Zohran Mamdani doll,The National Bobblehead Hall of Fame and Museum is taking pre-orders for Zohran Mamdani bobblehead...,Social Response,Neutral
Antonin,ny-daily-news,S.E. Cupp: Zohran Mamdani’s rise from nowhere to City Hall,One of the wildest and most dramatic New York City mayoral elections in modern history...,Election,Negative
Antonin,ny-daily-news,"Mamdani transition team to include Maria Torres-Springer, Adams aide who resigned over indictment","On the heels of his victory in this year's race for City Hall, Mayor-elect Zohran...",Election,Neutral
Antonin,ny-daily-news,"FDNY Commissioner Robert Tucker resigns day after Mamdani mayoral win, Kaz Daughtry may go too","FDNY Commissioner Robert Tucker tendered his resignation Wednesday, the morning after Zohran Mamdani's mayoral election...",Social Response,Neutral
Antonin,ny-daily-news,Mamdani’s win inspires Ugandans who see hope in youth joining politics,"Zohran Mamdani's victory in the New York mayoral race inspires many in Uganda, though it...",Social Response,Positive
Antonin,ny-daily-news,Zohran Mamdani’s win in NYC mayor race greeted with cheers and also some fear,"Zohran Mamdani's history-making big win in the NYC mayoral race was greeted with elation, support...",Social Response,Neutral
Antonin,ny-daily-news,Zohran Mamdani elected NYC mayor in historic win over Andrew Cuomo,"Democrat Zohran Mamdani was elected mayor of New York City on Tuesday, becoming the youngest...",Election,Positive
Antonin,ny-daily-news,Mamdani finally weighs in on critical housing ballots questions as he votes on Election Day,Democratic mayoral front-runner Zohran Mamdani voted yes Tuesday on a set of controversial housing development-related...,Policy,Neutral
Antonin,ny-daily-news,"Trump backs Cuomo for mayor, says NYC must vote for him and stop Mamdani",President Trump urged Republican voters in New York City late Monday to cross party lines...,Election,Negative
Antonin,ny-daily-news,"Mamdani pushes ‘morning again,’ Cuomo warns of dangers as NYC mayoral candidates near finish line","The contrasting visions were delivered on the eve of Tuesday's mayoral election, which is seen...",Election,Neutral
Antonin,ny-daily-news,"Readers sound off on Jews for Mamdani, genocide scholars and shutdown apathy","Stony Brook, L.I.: There's a bitter irony in watching ""Jews for Mamdani"" like Brad Lander...",Opinion,Negative
Antonin,ny-daily-news,"With 2 days to go before NYC mayoral election, Mamdani and Cuomo visit NYC churches, canvass voters",The candidates traded swipes and rallied supporters at church campaign stops just a borough apart...,Election,Neutral
Antonin,ny-daily-news,Zohran Mamdani v. Pat Moynihan: The anti-Zionist racist and the man who fought the UN’s ‘Zionism is racism’,"Fifty years ago, on Nov. 10, 1975, Daniel Patrick Moynihan, a patriotic New York liberal,...",Political Interaction,Negative
Antonin,ny-daily-news,"Readers sound off on the Jets and Giants, funding the IBX and anti-Black officials","Nissequogue, L.I.: Another year and another train wreck of a season in which the Giants...",Social Response,Neutral
Antonin,ny-daily-news,Chi Ossé launches primary challenge against Rep. Hakeem Jeffries,Ossé had previously rejected speculation he would challenge Jeffries for New York's 8th Congressional District.,Election,Neutral
Antonin,ny-daily-news,"NYC pushing ahead with plans to reduce class sizes despite concerns over equity, funding",The equity concerns stem from an argument that students in the highest-need schools stand to...,Policy,Neutral
Antonin,ny-daily-news,Veto this subway featherbedding: Hochul must stop Legislature’s effort to force the use of two-person crews,Gov. Hochul has until the end of the year to veto a stupid bill that...,Policy,Negative
Antonin,ny-daily-news,"Readers sound off on Democratic leadership, accountability for Israel and Giants failures",Rockaway Park: I think that Sen. Chuck Schumer is a decent and honorable person. Those...,Social Response,Neutral
Antonin,ny-daily-news,"RICHARD JOHNSON: Pete Davidson, Callum Turner film new movie in NYC","Pete Davidson startled locals on Orchard Street by brawling with a pack of vagrants, but...",Social Response,Neutral
Antonin,ny-daily-news,NYPD boss gets lucrative disability pension rank-and-file cops often have to fight for,"It is rare for a civilian to receive such a benefit from the fund, three...",Policy,Negative
Antonin,ny-daily-news,Maintain sanctuary in New York City,New Yorkers sent a resounding message on Election Day: they want a city that fights...,Election,Neutral
Antonin,ny-daily-news,More housing will give us more political power,"As Democrats rightly celebrated major election night victories, it’s worth pausing on a quieter but...",Policy,Positive
Antonin,ny-daily-news,"Readers sound off on Western corporatocracies, antisemitic backlash and pennies","White Rock, British Columbia: I find New York City's next mayor, Zohran Mamdani, unlike his...",Opinion,Neutral
Antonin,ny-daily-news,City Council kills ‘Ryder’s Law’ bill that sought to ban Central Park horse carriages in NYC,"A City Council committee voted Friday to kill ""Ryder's Law,"" a bill that would ban...",Policy,Neutral
Antonin,ny-daily-news,Judge should wait before naming Rikers receiver,Twelve people died in city jails this year — three over a two-week period — already...,Policy,Neutral
Antonin,ny-daily-news,"Readers sound off on venerating veterans, animals as props and Giants coaches","Port Orange, Fla.: I love this time each year. All the flags waving and ceremonial...",Opinion,Neutral
Antonin,ny-daily-news,"Readers sound off on socialist successes, attacks on Jews and ICE recruitment","Dumont, N.J.: To Voicer Charles T. Compton: Thank you for your well-researched and erudite response...",Social Response,Negative
Antonin,ny-daily-news,"Sweeping Long Island City rezoning approved, bringing 15,000 homes, waterfront development","Some 15,000 new homes are slated to be built in Long Island City after the...",Policy,Positive
Antonin,ny-daily-news,"New York State, NYC boost financial literacy programs in public schools","The New York State Board of Regents adopted a new graduation requirement in personal finance,...",Policy,Neutral
Antonin,ny-daily-news,NYC Council speaker candidate Crystal Hudson took real estate cash despite pledge,"Brooklyn Councilwoman Crystal Hudson, a leading candidate in this year's City Council speaker race, raked...",Election,Neutral
Antonin,ny-daily-news,"CCRB chair resigns, blaming NYPD union ‘campaign of lies’ against him","Dr. Mohammad Khalid, in a letter sent to Mayor Adams, said that he has always...",Election,Negative
Antonin,ny-daily-news,"NYC school suspensions down, but unevenly, as Black, special-ed students disciplined most","Over the last decade, the city's school system has moved away from lengthy suspensions in favor...",Policy,Neutral
Antonin,ny-daily-news,"Readers sound off on corrupt capitalism, Veterans Day and Stefanik’s campaign","Hackensack, N.J.: There are 42 million Americans, the vast majority children, the elderly and the...",Opinion,Neutral
Antonin,ny-daily-news,Mayor Adams to travel to Israel during last weeks in office,The visit comes as Adams has talked for weeks about securing new job once he...,Election,Neutral
Antonin,ny-daily-news,"NYPD releases images of swastika-painting vandal who hit yeshiva, Jewish cemetery after election","The hate-filled graffiti appeared just hours after Zohran Mamdani, who has been criticized for making...",Social Response,Neutral
Antonin,ny-daily-news,Julie Menin would be an ideal City Council speaker,It is difficult to stop focusing on NYC’s next mayor. Zohran Mamdani must now appoint...,Election,Neutral
Antonin,ny-daily-news,"Readers sound off on Nordic governments, new political blood and Chuck Schumer",Bronx: To Voicer Josephine Kay: Democratic socialism is the implementation of socialism via democratic process....,Election,Neutral
Antonin,ny-daily-news,"Wins in NYC, NJ may not offer a roadmap for the Democratic Party, but with Trump it may not matter","The political pendulum appears to be swinging away from Republicans after Trump's win in 2024,...",Election,Neutral
Antonin,ny-daily-news,Bringing the Cold War back to schools,The president of the United States says New York has “installed a communist” by electing...,Opinion,Negative
Antonin,ny-daily-news,Alabama senator claims NYC will be ‘completely Muslim in 3-4 years’,Alabama Sen. Tommy Tuberville believes Zohran Mamdani's historic victory in Tuesday's mayoral election will turn...,Election,Negative
Antonin,ny-daily-news,"After winning a second term, Manhattan DA Alvin Bragg to focus on mental illness crisis",Manhattan District Attorney Alvin Bragg's reelection this week followed a first term that rarely saw...,Policy,Neutral
Antonin,ny-daily-news,Rep. Elise Stefanik launches 2026 campaign to unseat Gov. Hochul,"Hochul underwhelmed in her first run for governor, winning by less than 6% in the...",Election,Neutral
Antonin,ny-daily-news,Republican Rep. Elise Stefanik expected to announce challenge to Hochul in NY governor’s race Friday,Republican Rep. Elise Stefanik is expected to announce her bid to challenge incumbent Kathy Hochul...,Election,Neutral
Antonin,ny-daily-news,NYPD Commissioner Jessica Tisch got Trump admin heads up before ICE raid on Canal Street,The revelation that Tisch had advance knowledge of the Trump administration's Canal St. raids could...,Political Interaction,Neutral
Antonin,ny-daily-news,NYPD cop who shot New Jersey driver in 2024 road-rage incident pleads guilty,"Hieu Tran, a member of the NYPD's press office, pulled alongside Kishan Patel, 30, on...",Policy,Neutral
Antonin,ny-daily-news,Six numbers that make up NYC’s future,This week there will understandably be much parsing and pontificating about the final poll numbers...,Election,Neutral
Antonin,ny-daily-news,NYC jail oversight board details staff breakdowns in five 2025 jail deaths,"The Board of Correction reported that, in some of the cases, medical staff were not...",Policy,Neutral
Antonin,ny-daily-news,"Hours after bitter mayoral election ends, hate-filled vandals hit Jewish cemetery, yeshiva","A Brooklyn yeshiva and a Jewish cemetery were spray-painted with swastikas early Wednesday, an act...",Social Response,Neutral
Antonin,ny-daily-news,New Council speaker must be Latino/a,Yesterday's New York City election was the most consequential one in the last quarter century....,Election,Negative
Antonin,ny-daily-news,"Readers sound off on socialism spreading, health insurers and lies about migrants","Sherborn, Mass.: I’m a 35-year-old registered independent and have voted for members of both parties....",Social Response,Neutral
Antonin,ny-daily-news,NYC poised to reject aligning mayoral race with presidential election,New York City voters were on track to reject a measure on Tuesday that could...,Social Response,Negative
Antonin,ny-daily-news,"NYC voters approve ballot questions aimed at boosting housing, limiting Council control","As New York City tackles a pervasive affordability crisis, New York City voters were poised...",Social Response,Positive
Antonin,ny-daily-news,Follow Live: NYC Mayoral Election Results,Follow along here for real time updates on numbers as they come in and what...,Election,Neutral
Antonin,ny-daily-news,"Turnout in NYC’s 2025 mayoral election tops 2 million, highest in decades","More than 2 million residents cast ballots between early voting and live voting Tuesday, according...",Election,Neutral
Antonin,ny-daily-news,3 Manhattan polling sites receive Election Day terror threats in likely swatting hoax: NYPD,"No polling sites have been shut down, the source said, with voting continuing as the...",Election,Negative
Antonin,ny-daily-news,NYC election results 2025,"Up-to-the-minute NYC election results, including the mayoral race with Andrew Cuomo, Zohran Mamdani, and Curtis...",Election,Neutral
Antonin,ny-daily-news,Election Day in New York 2025,"New Yorkers head to the polls for Election Day on Tuesday, Nov. 4, 2025, throughout...",Election,Neutral
Antonin,ny-daily-news,There is no such thing as a free bus,The Washington Post was right to say it plainly. Mayoral candidate Zohran Mamdani’s call to...,Policy,Negative
Antonin,ny-daily-news,Our picks: Cuomo & YES on housing: Vote today for New York’s future,"The 735,317 New Yorkers who voted early have done their duty, now close to twice...",Election,Positive
Antonin,ny-daily-news,Takeaways from Election Day 2025: Democrats cruising as economic woes take a toll on Trump’s GOP,Democrats on Tuesday won governor's races in Virginia and New Jersey.,Election,Positive
Antonin,ny-daily-news,Abigail Spanberger elected Virginia governor in a historic first that boosts Democrats ahead of 2026,Spanberger makes history as the first-ever woman to lead the commonwealth.,Election,Neutral
Antonin,ny-daily-news,"Readers sound off on electing a mayor, Islamophobic rhetoric and the Breeders’ Cup","Manhattan: As a lifelong New Yorker, I’ve never written a letter before, but because I...",Political Identity,Negative
Antonin,ny-daily-news,A bitter year for independent voters,Election time is here in New York City and every New Yorker has the equal...,Election,Neutral
Antonin,ny-daily-news,Question these ballot questions: Proposals 1 and 6 insult the New York State Constitution,Proposals 1 and 6 on the back of the mayoral ballot shouldn’t even be there...,Election,Negative
Antonin,ny-daily-news,"More than 700,000 cast ballots in early voting as NYC mayoral race on track for historic turnout","More than 735,000 New Yorkers cast ballots during the nine days of early voting in...",Election,Neutral
Antonin,ny-daily-news,Mayoral control of schools emerges as flashpoint in NYC mayoral election,Should the next mayor cede control of New York City's public schools? It's a contentious...,Policy,Neutral
Antonin,ny-post,Mamdani backing controversial CAIR-linked NY assembly candidate - who has made disturbing 9/11 comments,Mayor-elect Zohran Mamdani is reportedly supporting a candidate for state Assembly linked to the Council on American-Islamic Relations -- and who once described 9/11 as a terror attack that a...,Political Interaction,Negative
Antonin,ny-post,Mamdani's plan would make NYC the most tax-hostile place in US to do business,"When Zohran Mamdani and his supporters talk of taxing the rich, they usually mean it on a personal level — referring to his proposal to raise income taxes on New...",Policy,Negative
Antonin,ny-post,Lefty rep says that Mamdani's economics are too radical for him,"""I believe, obviously, in innovation and free enterprise,'' California Rep. Ro Khanna told The Post.",Policy,Negative
Antonin,ny-post,Trump's border czar warns NYC will see boost in ICE enforcement ahead of Mamdani taking office,"The vows come just weeks before democratic socialist Mamdani is set to be sworn in as mayor, replacing Adams, who had been an ally of Homan and the Trump admin.",Social Response,Negative
Antonin,ny-post,Hochul's endorsement of Mamdani is backfiring spectacularly,"Jumping on the Zohran bandwagon has clearly backfired, gov.",Opinion,Positive
Antonin,ny-post,Nassau County executive challenges Hochul to draw line as DSA pressures her to back Mamdani tax hike,Nassau County Executive Bruce Blakeman challenged Gov. Kathy Hochul to draw a line in the sand Monday as she faces pressure from DSA to back Mayor-elect Zohran Mamdani's proposed tax...,Opinion,Negative
Antonin,ny-post,Mamdani's biggest hater now calling for top NYC conservatives to work with incoming socialist mayor,"Right leaning business leaders grapple with how to support socialist mayor-elect Zohran Mamdani,",Opinion,Negative
Antonin,ny-post,Adams meets with Netanyahu on taxpayer-funded Israel trip – rips Mayor-elect Zohran Mamdani,Outgoing New York City Mayor Eric Adams met with Israeli Prime Minister Benjamin Netanyahu on Monday as part of his multi-day trip to the Jewish state — as he slammed...,Political Interaction,Neutral
Antonin,ny-post,Powerful NY Democratic Party chair Jay Jacobs plans to stay on despite dissing Zohran Mamdani,"""I have no intention of stepping down.""",Social Response,Neutral
Antonin,ny-post,Mamdani's 'gender-affirming care' plan surgically erases gays — just like Iran,"The New York Times reported last month on the dire situation for gay people in Iran, where homosexuality is punishable by death. Many are pressured to undergo brutal reassignment surgeries...",Policy,Negative
Antonin,ny-post,Mamdani confirms he reached out to Trump WH to arrange meeting: 'Anyone and everyone',"President Donald Trump indicated Sunday that he plans to meet with New York City’s mayor-elect Zohran Mamdani and said they’ll “work something out,” in what could be a detente for the Republican president and...",Political Interaction,Neutral
Antonin,ny-post,"Liberal pols, DSA warn Hochul to back Mamdani's far-left agenda – or get booted from office",Gov. Kathy Hochul is between Zohran Mamdani and a hard place. Liberal lawmakers and members of the Democratic Socialists of America are putting a squeeze on Hochul -- even threatening...,Political Interaction,Positive
Antonin,ny-post,"Bigwig on Mamdani's transition team railed against Jews, questioned gay rights in vile posts","""This is Adolf Hitler language. It's antisemitic. It's a horror show,"" said Dov Hikind, a former Brooklyn assemblyman and founder of Americans Against Antisemitism.",Policy,Negative
Antonin,ny-post,Mamdani meets with NYPD Commish Jessica Tisch -- but won't say if she'll stay on job,Mayor-elect Zohran Mamdani said Sunday he met with police Commissioner Jessica Tisch and hopes she will stay on to continue leading the NYPD when he takes office.,Political Interaction,Neutral
Antonin,ny-post,Incoming NYC business group head torches Mamdani's proposed corporate tax hike,"The incoming head of New York City's premier business group said it would be ""absolute suicide"" for Gov. Kathy Hochul and the state legislature to enact Mayor-elect Zohran Mamdani's proposed...",Policy,Negative
Antonin,ny-post,Gov. Hochul flip-flops her governing principles to accommodate Mayor-elect Mamdani’s agenda,"Does Gov. Hochul actually have any governing principles, or is she just making it up as she goes along?",Political Interaction,Negative
Antonin,ny-post,Oscar-winner tells Trump he must save New York from 'communist fool' Zohran Mamdani,"Trump's Hollywood ambassador calls for Zohran Mamdani's removal, says only president can 'stop this horror.'",Opinion,Negative
Antonin,ny-post,23-year-old Mamdani fan-girl named youngest ever vice president of major Italian region,"Mia Bintou Diop, who loves Mamdani and is a self-professed ""anti-Zionist,"" was named Vice President of Tuscany on Tuesday, according to reports.",Social Response,Neutral
Antonin,ny-post,Mamdani taps 'Defund the Police' champion to head team steering his transition to NYC mayor,"NYC Mayor-elect Mayor Zohran Mamdani claimed he no longer wants to ""Defund the Police"" while trying to score votes on the campaign trail, but a lefty political strategist he tapped...",Policy,Positive
Antonin,ny-post,Pardoned Jan. 6 rioter sues Mamdani over racially charged plan to tax 'richer and whiter' NYC neighborhoods,"The man pardoned by President Trump for his role in the Jan. 6, 2021 Capitol riot has filed a lawsuit against left socialist mayor-elect Zohran Mamdani -- citing the progressive's...",Policy,Negative
Antonin,ny-post,Zohran Mamdani setting up NYC  for violence with resistance to immigration enforcement,"Mamdani has promised to resist removals of even of violent-criminal illegal immigrants; he calls ICE a “rogue” agency and vows to stop it from enforcing the law with deportations, using...",Policy,Positive
Antonin,ny-post,"Lox, stock and barrel: Jewish New Yorkers rushing to buy guns for protection after anti-Israel Mamdani's victory","Jewish New Yorkers are arming themselves before an anti-Israel “mayor who despises us"" takes the helm of New York City, several told The Post this week.",Social Response,Negative
Antonin,ny-post,Staten Island pols renew bid to pull out of NYC over Mamdani's mayoral win,Staten Island pols say they'll be beefing up efforts for independence from NYC in 2026 as the United States celebrates it's 250th birthday -- in large part because socialist Zohran...,Social Response,Negative
Antonin,ny-post,Smirking Mamdani's scorn for business will not help NYC prosper,"“Tax the rich. Billionaire tears not included,” Sen. Liz Warren smugly captioned a photo of her sitdown with Mayor-elect Zohran Mamdani and Lina Khan.",Social Response,Negative
Antonin,ny-post,Top Mamdani aide looking for ways he can 'unilaterally' use NYC mayoral powers to deliver socialist agenda,All hail Chairman Zohran.,Policy,Negative
Antonin,ny-post,The View' co-host warns Zohran Mamdani may hit 'roadblocks' due to lack of experience,"""The View"" co-host Alyssa Farah Griffin has concerns that New York City Mayor-elect Zohran Mamdani may lack the experience to lead the biggest city in the country.",Political Identity,Negative
Antonin,ny-post,Mamdani calls for Starbucks boycott as union workers strike across US,"It’s the first hint into how Mamdani – a pro-union voice who has promised New Yorkers free buses, a rent freeze and free childcare – plans to use his newfound...",Social Response,Negative
Antonin,ny-post,Hochul open to raising taxes to fund socialist Zohran Mamdani's freebies,"Gov. Hochul is reportedly open to raising taxes on corporations in the Empire State to help fund socialist Mayor-elect Zohran Mamdani’s freebie-filled agenda for New York City. Hochul, who is...",Policy,Negative
Antonin,ny-post,"Portland's socialist disaster should be a wake-up call for Zohran  Mamdani, NYC voters","Oregon's largest city has become a poster child of urban decay, a smoldering mess of crime, businesses fleeing and homeless. People have had enough.",Political Identity,Negative
Antonin,ny-post,Oceanfront Palm Beach townhouse gets a $6M price hike thanks to New Yorkers fleeing Mamdani,A retired Marvel Entertainment CEO’s home -- five minutes from Mar-a-Lago — is now asking $24.95 million.,Social Response,Negative
Antonin,ny-post,Mamdani holds secretive meeting with Elizabeth Warren before she touts his 'Tax the rich' agenda,“She is a MA senator…why is she even there?” one user wondered.,Policy,Neutral
Antonin,ny-post,Zohran Mamdani wants social workers responding to 911 calls -- but test program is already failing,Mayor-elect Zohram Mamdani wants to deploy social workers instead of police officers to respond to 911 calls -- but the controversial plan has already been operating in the Big Apple...,Policy,Negative
Antonin,ny-post,Mamdani finally books meeting with NYPD Commish Tisch: sources,"Mamdani pledged to keep the well-regarded, tough-on-crime Tisch as his top cop, a move that has helped assuage some fears over his public safety priorities, given he called the NYPD...",Political Interaction,Neutral
Antonin,ny-post,NYC Mayor Eric Adams hands Zohran Mamdani baton — and big decisions — as teams finally meet,"“Bill de Blasio handed me the baton of dealing with these issues, and I'm going to hand the baton over to Zohran,"" Eric Adams said Thursday.",Political Interaction,Neutral
Antonin,ny-post,"Manhattan rents jumped near record high in month before Mamdani's win, as supply remains low","It was the third-highest figure on record, disappointing New Yorkers who typically see prices cool in the fall season.",Social Response,Negative
Antonin,ny-post,Mamdani will get new mayoral powers to build housing thanks to Adams-backed measures -- but will he use them?,Mayor-elect Zohran Mamdani is poised to reap the benefits of housing-related ballot measures approved by voters on Election Day -- but the socialist pol has given few concrete signs about...,Policy,Neutral
Antonin,ny-post,"Restaurateur cancels NYC expansion after Mamdani win, switches investment to other major city","""We just don't feel that this mayor is suitable to supporting small businesses,"" restaurateur Stratis Morfogen told The Post",Social Response,Negative
Antonin,ny-post,"Mamdani must embrace Eric Adams' spirit of 'Build, baby, build'","If he wants to actually deliver on his ""affordability"" agenda when it comes to housing, Mayor-elect Zohran Mamdani will need to embrace Mayor Eric Adams' ""City of Yes"" legacy.",Policy,Positive
Antonin,ny-post,Adams makes last-ditch bid to save celeb-beloved NYC garden Mamdani wants to evict,"The move from the Adams administration is the latest salvo in the decade-plus battle over the private garden, which sits on city-leased land.",Policy,Negative
Antonin,ny-post,"Real estate exec fired over Mamdani dig, Trump floats 50-year mortgages and Musk bags a trillion dollar deal",Top NYC real estate broker Scott Panzer is out of a job after taking a jab at NYC mayor-elect Zohran Mamdani's policies. Trump pitches 50-year mortgages to juice the economy...,Policy,Negative
Antonin,ny-post,The WaPo's admission about Zohran Mamdani's dark side comes a bit too late,Mamdani has showed his true colors post-election.,Political Identity,Negative
Antonin,ny-post,Adams schools Mamdani for missing Flight 587 memorial: 'There's symbolism to this job',"""I believe it would have sent a strong message to come out here today as the incoming mayor,"" Adams said.",Election,Negative
Antonin,ny-post,Zohran Mamdani horrified to discover he now has a job,"Every week, The Post will bring you our picks of the best one-liners and stories from satirical site the Babylon Bee to take the edge off Hump Day.",Election,Negative
Antonin,ny-post,"Mamdani reveals when he'll reach out to Trump, calls their relationship 'critical to the success' of NYC","Mamdani, 34, didn't specify when he would contact the administration, but said he would be ""proactive"" as he tries to thwart Trump's hard-line immigration and crime policies.",Political Interaction,Positive
Antonin,ny-post,Bank of America CEO seeks 'important' Mamdani meeting to discuss NYC: 'We'll give him some ideas',Bank of America CEO Brian Moynihan plans to have a meeting with New York City Mayor-elect Zohran Mamdani to discuss the future of the Big Apple.,Political Interaction,Positive
Antonin,ny-post,Zohran Mamdani is reviving the worst of the de Blasio years,"Bringing in Steven Banks to serve as corporation counsel, the city's chief lawyer, would elevate one of the worst de Blasio administration players into an even more powerful role.",Political Identity,Negative
Antonin,ny-post,NY school official under fire for calling Mamdani win 'Islamic takeover of Western society',"Mamdani, the socialist pol who has shot to national prominence, will be the city’s first Muslim mayor when he takes office in January.",Political Identity,Negative
Antonin,ny-post,Meet Mamdani's newly named chief of staff -- the secretive DSA operative who helped craft his lefty platform,Zohran Mamdani's secretive newly named chief of staff Elle Bisgaard-Church is a Democratic Socialists of America true believer.,Policy,Neutral
Antonin,ny-post,Spendthrift staff at the helm for Zohran Mamdani's first city budget,"For all the talk of Zohran Mamdani as the new face of the Democratic Party, Gotham on his watch will likely revert to business as usual.",Social Response,Negative
Antonin,ny-post,NYC pol trolls Mamdani by inviting Netanyahu to Big Apple on mayor-elect's inauguration day,"A trolling Brooklyn pol has invited Israeli PM Benjamin Netanyahu to the city Jan. 1 — the day of the swearing-in of Mayor-elect Zohran Mamdani, who has vowed to try...",Social Response,Neutral
Antonin,ny-post,Anti-parade Zohran Mamdani touts affordable housing agenda as he meets with servicemen on Veterans Day,Mamdani has previously been dodgy about which parades he would participate in across the city dating back to one of the mayoral debates.,Policy,Neutral
Antonin,ny-post,"Jewish students 'scared' after Mamdani wins NYC mayoral election, calling it 'huge blow'","Jewish students in New York City ""are scared"" about what Mayor-elect Zohran Mamdani’s victory means for their lives on campus, saying that the democratic socialist's win is ""a huge blow to...",Social Response,Negative
Antonin,ny-post,Mamdani mulls tapping de Blasio's controversial homeless services chief as NYC's top lawyer,"A self-described ""social justice attorney"" who served under de Blasio is in contention to be the city's top lawyer in Zohran Mamdani's administration.",Policy,Negative
Antonin,ny-post,Pa. Sen. Dave McCormick welcomes New Yorkers looking to flee Zohran Mamdani — and 'losing football teams',"""Forget about the high taxes, the socialists, the losing football teams. If you're looking for a change of scenery, all you have to do is head west on I-80.""",Opinion,Negative
Antonin,ny-post,Adams' economic development honcho seeks to keep post in Mamdani admin,"Andrew Kimball, the top economic development honcho in Mayor Eric Adams' administration, is seeking to retain his post with Mayor-elect Zohran Mamdani -- with support from the city's influential business...",Policy,Neutral
Antonin,ny-post,Giuliani offers a brutal 6 words of 'advice' to Mamdani after NYC mayoral win,"Rudy Giuliani urges NYC Mayor-elect Zohran Mamdani to step down, calling him a 'security threat.'",Political Interaction,Neutral
Antonin,ny-post,Mamdani's first staff picks show he's going full speed ahead ... to disaster,Don’t expect 1st Deputy Mayor-designate Dean Fuleihan to rein in an ounce of Mayor-elect Zohran Mamdani worst urges: He imposed no such restraint he when worked for Bill de Blasio.,Policy,Negative
Antonin,ny-post,"Upstate NY city one-ups Zohran Mamdani by electing Communist student, 20",The inexperienced radical — who was pictured with a cutout of Mamdani — was the youngest DSA-endorsed candidate to be elected in the party's history.,Policy,Negative
Antonin,ny-post,Mamdani’s win isn’t just New York’s loss — it’s a wake-up call for America,"On Zohran Mamdani’s anointment as New York City mayor, we gather in sorrow to mark the passing of a once-great metropolis. This temple of the American Dream and home to...",Social Response,Negative
Antonin,ny-post,Hochul slams brakes on Zohran Mamdani's free NYC bus plan,The wheels are coming off the socialist bus.,Policy,Negative
Abdullah ,ny-post,"Mamdani names 74-year-old establishment budget guru, ex-de Blasio honcho as top deputy","The 34-year-old Mamdani – who ran on galvanizing young New Yorkers – announced he will be bringing on veteran civil servant Dean Fuleihan, 74, as his first deputy mayor, responsible...",Policy,Positive
Abdullah ,ny-post,NYC realtor fired after comparing Mamdani to Hitler sets the record straight,"Scott Panzer fired off an email that ended up grabbing headlines and costing him his post at a major global real estate firm. Knowing Panzer, real estate insiders say, he’d...",Opinion,Negative
Abdullah ,ny-post,Argentina prez 'warmly' welcomes New Yorkers to his country to avoid Mamdani's 'communist' rule,"Wild-haired Libertarian President of Argentina, Javier Milei, ""warmly"" welcomed refugees from New York City who are on the verge of experiencing the far-left philosophy that plunged his country into decades...",Opinion,Negative
Abdullah ,ny-post,Comrades wanted: DSA looks to use pro-Mamdani group to expand membership,"The new ""Our Time"" advocacy group pushing Mayor-elect Zohran Mamdani's tax the rich and spending agenda is plotting to help recruit tens of thousands of Mamdani volunteers to join the...",Social Response,Neutral
Abdullah ,ny-post,Stefanik rips Hochul for endorsing 'raging antisemite' Mamdani while accepting award from pro-Israel org,"Republican gubernatorial candidate Elise Stefanik ripped into Gov. Kathy Hochul Sunday night for endorsing ""raging antisemite"" Zohran Mamdani for mayor as she accepted an award.",Political Identity,Negative
Abdullah ,ny-post,Zohran Mamdani just made ONE wise move: nixing loser Lander's job hopes,The mayor-elect has apparently kicked Brad Lander to the curb.,Opinion,Negative
Abdullah ,ny-post,Boca Raton makes serious pitch to NYC businesses to head south after Zohran Mamdani win,"Come on down! The mayor of Boca Raton, Florida is putting on a full court press to woo New York business to relocate offices and jobs his beachy city following...",Political Interaction,Neutral
Abdullah ,ny-post,Top NYC rabbi issues dire warning on Mamdani: 'Does not believe in coexistence',"""History has proven conclusively that what starts with Jews never ends with Jews,"" the top rabbi warned.",Opinion,Negative
Abdullah ,ny-post,Boca Raton aiming to lure more Wall Street companies after Mamdani win with $15M 'Supercar Showcase',"It’s no secret that low-tax, warm-weather locales around the US have drawn large units of major firms from the northeast.",Social Response,Positive
Abdullah ,ny-post,"Mamdani's people make demands: Hate Israel and America, or we will end you",The election of socialist Zorhan Mamdani as mayor is unleashing a toxic sludge of unsavory characters poised to seize seats of prestige at City Hall.,Social Response,Negative
Abdullah ,ny-post,Real estate market is booming in Connecticut as wealthy NYers rush to buy homes after Mamdani's win,Realtors in leafy Greenwich say open houses have been packed and prices are through the roof thanks to the so-called “Mamdani Effect.”,Social Response,Positive
Abdullah ,ny-post,NYC real estate could turn 'into Mumbai' under Mamdani if anti-owner policies reign: investor,"""You’re basically going to turn New York City into Mumbai,"" the CEO warned.",Opinion,Negative
Abdullah ,ny-post,How progressives engineered voting rules to help Zohran Mamdani win,"Mamdani’s election can indeed be said to have been skillfully “engineered,” and progressives elsewhere are taking note.",Election,Positive
Abdullah ,ny-post,Financial penalties for Mamdani election by GOP could cause irreversible damage to NYC,"As awful as the mayoral election outcome was for sensible New Yorkers, misguided Washington Republicans plan to use the results as a club to further punish the city.",Election,Negative
Abdullah ,ny-post,Mayor-elect Mamdani reeks of Lenin — but NYC's wise safeguard against Marxism stands in his way,Zohran Mamdani’s victory-lap speech Tuesday night reeked of Vladimir Lenin after Russia’s 1917 communist revolution.,Political Identity,Negative
Abdullah ,ny-post,Mamdani's options to lead NYC schools include fire-alarm pulling Dem who wants a 'revolution',Education watchers are anxious to learn who socialist Mayor-elect Zohran Mamdani will choose to serve as his next schools chancellor as he mulls multiple candidates.,Policy,Negative
Abdullah ,ny-post,"Mamdani-backing Hochul insists she doesn't 'support' DSA, fends off relentless criticism over endorsement",Gov. Kathy Hochul insisted Saturday she’s no fan of the Democratic Socialists of America while fending off relentless criticism from Republican gubernatorial hopeful Elise Stefanik over her endorsement of card-carrying...,Political Interaction,Negative
Abdullah ,ny-post,Here's the DSA's demands to Mamdani for how to lead an Israel-hating NYC,"The Democratic Socialists of America have big plans for card-carrying NYC Mayor-elect Zohran Mamdani – especially when it comes to pushing its extreme, Israel-hating views on New Yorkers.",Political Interaction,Negative
Abdullah ,ny-post,Mamdani's agenda to be embraced by increasingly woke City Council as progressive members surge,Unlike outgoing Mayor Adams -- a centrist Dem who immediately clashed with the Council upon arriving at City Hall in 2022 -- the silver-spoon socialist should find a much more...,Policy,Neutral
Abdullah ,ny-post,NYPD already losing officers with morale plunging as anti-cop Mamdani prepares to take reins,"The exodus at the NYPD has already begun -- with a surge of NYC police officers heading for the exits in the month leading up to the city’s mayoral election,...",Social Response,Negative
Abdullah ,ny-post,"Zohran Mamdani's wife uses her art to rage against US 'imperialism,' 'Israeli war crimes'",Duwaji has remained largely in the shadows during her husband's campaign but is not shy about airing her pro-Palestinian and anti-American views.,Social Response,Neutral
Abdullah ,ny-post,Mayor-elect Zohran Mamdani schmoozes with NY Dem leaders who'll be key to passing his socialist 'tax the rich' plans,The TaxMam cometh.,Political Interaction,Neutral
Abdullah ,ny-post,The 'Downwardly mobile' who feel betrayed by middle-class dreams flocked to Mamdani,"Zohran Mamdani, a self-described democratic socialist, has been elected mayor of New York City.",Election,Neutral
Abdullah ,ny-post,"Top NYC realtor fired for comparing Mamdani to Hitler, predicting City Hall will play Muslim calls to prayer: report","Scott Panzer was terminated Wednesday, one day after Mamdani’s historic victory, following an internal email exchange, according to The Real Deal.",Opinion,Negative
Abdullah ,ny-post,"Mamdani's bitter victory speech: Letters to the Editor — Nov. 8, 2025","NY Post readers discuss Mayor-elect Zohran Mamdani’s blunt victory speech, which failed to reach out to all voters.",Social Response,Negative
Abdullah ,ny-post,"If Zohran Mamdani weaponizes public funds to push his hateful agenda, the poor and minorities will suffer most","Over the next four years, Mayor-elect Zohran Mamdani will not only lead the world’s financial capital, but he’ll also have control over public funds topping $1 trillion.",Political Identity,Negative
Abdullah ,ny-post,Nassau County leaders launch campaign to reel in NYC residents fearful of Zohran Mamdani regime,"“Some of the policies of Mamdani, as he's articulated, are very, very troubling,” Blakeman said.",Political Interaction,Negative
Abdullah ,ny-post,House GOP clashes over 'ludicrous' bill to defund NYC under Mamdani,New York City's lone Republican member of Congress is criticizing an effort within her own party to defund the Big Apple over Zohran Mamdani's victory in the mayoral race on Tuesday.,Policy,Neutral
Abdullah ,ny-post,Adams will 'fully cooperate' with Mamdani's team — as mayor-elect still hasn't booked meeting with NYPD commish,"SAN JUAN, Puerto Rico — They're making sure it's a smooth transition from A to Z. Zohran Mamdani chatted with his soon-to-be predecessor Eric Adams about the transition to City...",Political Interaction,Positive
Abdullah ,ny-post,Mamdani's push to make NYC 'affordable' doesn't extend to victory party  — with $13 beers at pricey bar,The steep prices at the party wasn’t lost on critics of the Democratic socialist.,Social Response,Negative
Abdullah ,ny-post,Fired-up Elise Stefanik rips 'toxic' Hochul for 'bending the knee' to socialist Zohran Mamdani,"Stefanik ripped into the governor for backing Mamdani ahead of his election victory this week, arguing the move only added to her long list of failures for New Yorkers.",Social Response,Negative
Abdullah ,ny-post,Disgraced ex-Rep. George Santos claims he's fleeing NYC to avoid 'evil' of Zohran Mamdani as mayor,Disgraced former Long Island congressman George Santos dramatically announced he will flee New York City after socialist Zohran Mamdani’s victory in the mayoral election.,Social Response,Negative
Abdullah ,ny-post,Karine Jean-Pierre accuses Democratic leaders of ignoring voters by not endorsing Mamdani,"Ex-White House press secretary Karine Jean-Pierre says top Democrats made a ""big mistake"" not endorsing New York City Mayor-elect Zohran Mamdani during the primaries.",Opinion,Neutral
Abdullah ,ny-post,Why so many New Yorkers were swayed by the lies of socialism and Mamdani,"On Tuesday, New Yorkers — by a slight majority, but a majority nonetheless — endorsed Zohran Mamdani and the proud, unrepentant form of socialism he champions as the answer to,...",Political Identity,Negative
Abdullah ,ny-post,Lefty Mamdani ally duking it out with pro-Israel pol in NYC Council speaker race,A showdown is brewing between progressive Zohran Mamdani ally Crystal Hudson and pro-Israel pol Julie Menin over who will be the next City Council speaker.,Political Interaction,Neutral
Abdullah ,ny-post,GOP lawmaker introduces MAMDANI Act to block federal funds to NYC,"""If New Yorkers want communism, we should let them have their wish,"" GOP Rep. Buddy Carter said.",Policy,Negative
Abdullah ,ny-post,"The week in whoppers: Gavin Newsom lies about lying, Zohran Mamdani invents a 'mandate' and more","Mayor-elect Zohran Mamdani claimed that his election victory gave him a ""mandate"" for his far-left policies — despite only winning a slight majority of the vote.",Policy,Neutral
Abdullah ,ny-post,"Tax the rich' chant breaks out as Gov. Hochul takes the stage at Zohran Mamdani, NY AG Letitia James event","Mayor-elect Zohran Mamdani jetted down to Puerto Rico for the annual SOMOS political retreat, where he basked in his victory by co-hosting a cocktail reception Thursday with embattled ally Attorney...",Social Response,Positive
Abdullah ,ny-post,Long Island GOP surges as insiders warn Zohran Mamdani's agenda has 'no allure in the suburbs',"Nassau County Republicans romped at the polls partly because a strategy to tie local Democrats to Zohran Mamdani ""clearly worked"" because his socialist agenda has ""no allure in the suburbs,""...",Social Response,Negative
Abdullah ,ny-post,Why real estate prices will surge despite Mamdani's promises of affordability,"""We are going to see a lot more foreign investment,"" an insider told NYNext.",Opinion,Negative
Abdullah ,ny-post,Jamie Dimon takes thinly veiled swipe at 'Marxist' Zohran Mamdani's hard-left agenda: 'It will backfire',"“This notion of somehow being anti-business is going to help average American citizens, even the lower paid,"" he told an audience at the American Business Forum, a Saudi Arabia-backed summit...",Opinion,Negative
Abdullah ,ny-post,Florida locals rush to buy homes over fears NYers fleeing Mamdani will flood the market,"Anticipating a surge in pricing similar to the COVID-era flight, Floridians are working fast to stake their claim.",Social Response,Negative
Abdullah ,ny-post,Dave Portnoy threatens to pull Barstool from NYC over 'Communist' Mamdani’s win: 'Hate the guy',Portnoy made the comments during a livestream on YouTube last week as it became clear that Mamdani would win the mayoral race.,Opinion,Negative
Abdullah ,ny-post,MSNBC's Joe Scarborough reportedly arranging peace meeting between Zohran Mamdani and ADL,"“We have your back, and we will hold Mayor-elect Mamdani accountable,” Anti-Defamation League CEO Jonathan Greenblatt said.",Political Interaction,Negative
Abdullah ,ny-post,"Zohran Mamdani ally, NYC DSA pol threaten to root out pro-Israel 'corporate Democrats'",Zohran Mamdani ally Linda Sarsour and Alexa Aviles called for the ouster of Israel-supporting “corporate Democrats” in fiery remarks at the SOMOS political conference.,Social Response,Neutral
Abdullah ,ny-post,"Mamdani's team halts interview, won't say if Schumer should face election challenge as he lunches with AOC",One of Zohran Mamdani’s staffers cut short an interview with Politico when the mayor-elect was asked if Senate Majority Leader Chuck Schumer should face a primary challenge in 2028.,Political Interaction,Neutral
Abdullah ,ny-post,"Mamdani's mayoral win: Letters to the Editor — Nov. 6, 2025",NY Post readers discuss Democratic Socialist Zohran Mamdani’s win in the 2025 New York City mayoral race.,Election,Neutral
Abdullah ,ny-post,Mamdani’s big agenda meets New York reality,"New York’s new mayor, Zohran Mamdani, has a mountain of promises to keep. If he can keep the city running without major meltdowns, many of his hopeful supporters will call...",Policy,Neutral
Abdullah ,ny-post,Zohran Mamdani enlisted swanky celeb fashion stylist during campaign: report,The 34-year-old Democratic socialist took fashion tips from stylist Bailey Moon as he rallied voters throughout the Big Apple during the whirlwind election cycle.,Election,Neutral
Abdullah ,ny-post,Mayor-elect Mamdani makes bold admission about his budget-busting socialist agenda,A triumphant Mayor-elect Zohran Mamdani doubled-down on claiming a mandate to deliver his socialist agenda – as he revealed a rent freeze and universal childcare will be his first-year priorities.,Policy,Positive
Abdullah ,ny-post,"Zohran Mamdani's win puts Kathy Hochul on hot seat, as GOP's Stefanik pounces, moderates duck for cover: expert","“The governor now owns whatever happens in New York City, and make no mistake about it, bad things will occur as a result of this election,"" a GOP insider said.",Opinion,Negative
Abdullah ,ny-post,Dem lawmakers said they will consider Mamdani tax hikes on rich,Democratic lawmakers said they're willing to consider Mayor-elect Zohran Mamdani's plan to hike taxes on millionaires and corporations by $9 billion to fund his ambitious spending agenda --and supporters say...,Policy,Neutral
Abdullah ,ny-post,Florida sheriff's message to NYers looking to move to Sunshine State after Mamdani's win,"New Yorkers looking to flee Mayor-elect Zohran Mamdani's Democratic socialist agenda are being given an open invitation to Florida by one county sheriff pitching it as ""the beginning of a...",Social Response,Negative
Abdullah ,ny-post,"Eric Trump calls Mamdani 'crazy,' says 'we cannot allow' socialism to spread countrywide at TPUSA event","“This is going to destroy a great American city, and we cannot allow this to spread across this country,"" Eric Trump said to raucous applause.",Opinion,Negative
Abdullah ,ny-post,Graceless sore winner Mamdani immediately drops his mask and declares war on NYC,"Having fallen in love with the sound of his own voice and apparently convinced he is heaven-sent, a besotted Zohran Mamdani missed the warning that you never get a second...",Political Identity,Negative
Abdullah ,ny-post,Charlamagne blasts Van Jones' criticism of Mamdani's victory speech: 'Shut the F up forever',Radio host blasts CNN's Jones in 'Donkey of the Day' segment after criticism of NYC mayor-elect's victory speech.,Social Response,Negative
Abdullah ,ny-post,Mamdani's DSA allies are flexing power in Albany — and no corner of NY is safe,Zohran Mamdani's victory gives a huge political boost to his Democratic Socialists of America comrades embedded in the New York state Legislature — and they have big plans.,Social Response,Positive
Abdullah ,ny-post,Meet the people who will have Mamdani's ear — and who he could owe favors to as mayor,Zohran Mamdani will be held 'accountable' to the powerful groups and activists who fueled his mayoral victory.,Social Response,Negative
Abdullah ,ny-post,Andrew Cuomo offers ominous warning in first sighting since loss to Zohran Mamdani,"Ex-Gov Andrew Cuomo told The Post he believes the Democratic Party is “headed down a dangerous road,” in his first public sighting since losing to lefty mayor-elect Zohran Mamdani.",Social Response,Negative
Abdullah ,ny-post,Zohran Mamdani stars in NRCC ads against House Dems: 'Your city could be next’,"In a new ad targeting vulnerable congressional Democrats ahead of the 2026 midterm elections, the National Republican Congressional Committee (NRCC) argued the Democrat Party has fully embraced socialism in the...",Opinion,Neutral
Abdullah ,ny-post,"With Alvin Bragg's re-election under a Mayor Mamdani, 'justice' in NYC is about to get worse",Bragg and Mamdani are two sides of the same coin.,Political Interaction,Negative
Abdullah ,ny-post,Rich New Yorkers freaking out after Zohran Mamdani's win — but escape options are limited,"""People are really worried,” a financial adviser told On The Money. “Many are telling me they're looking to move everywhere from Florida to Connecticut.""",Social Response,Negative
Abdullah ,ny-post,NYPD commish still hasn't got job offer from Zohran Mamdani — but insiders urge her to stay on,Insiders are urging the Tisch to work in the socialist's administration.,Social Response,Neutral
Abdullah ,ny-post,NYC billionaire rages over Mamdani win: 'I don't give a s--t about grocery stores!',"“The burden is on the Governor’s office right now and [Hochul] needs to keep her thumb,” on the city, John Catsimatidis said.",Social Response,Negative
Abdullah ,ny-post,We turned our pun-filled Mayor Mamdani cover into commemorative merch,"Love him or not, New York's first socialist mayor is about to take office following a historic Election Day victory. We here at The Post can never resist an opportunity...",Social Response,Neutral
Abdullah ,ny-post,NYC tech workers celebrate Mamdani's mayoral win -- but their bosses are worried,Zohran Mamdani won over New York City’s tech industry workers with his disruptive style on the campaign trail – but their bosses are worried about what the mayor-elect’s far-left policies...,Social Response,Positive
Abdullah ,ny-post,"After Knicks hit Mamdani over logo use, they get Trump to pull his post too",The Knicks aren’t taking sides.,Social Response,Neutral
Abdullah ,ny-post,Zohran Mamdani beats Andrew Cuomo in NYC mayoral election. Is the Big Apple exodus next?,"Andrew Cuomo’s run for NYC mayor was crushed by 34-year-old socialist Zohran Mamdani, even with support from Elon Musk and Donald Trump. But money managers say they don’t see U-Hauls...",Election,Neutral
Abdullah ,ny-post,Parents began planning to take their kids out of NYC schools minutes after Mamdani's win,A top school placement consultant says he's been flooded with calls since the election results came in.,Social Response,Negative
Abdullah ,ny-post,New York Post's cover on Zohran Mamdani election sold out in NYC -- and already being resold on e-Bay,The Post’s Nov. 5 cover featuring Mayor-elect Zohran Mamdani has gone the way of capitalism -- selling out of newsstands in the Big Apple and already being peddled on e-Bay...,Election,Positive
Abdullah ,ny-post,See if your neighborhood voted Mamdani or Cuomo for NYC mayor with this results map,"It’s over and Mam. New Yorkers elected far-left Democrat Zohran Mamdani Tuesday in a historic victory – but not all neighborhoods voted the same way, according to a block-by-block voting...",Election,Positive
Abdullah ,ny-post,Zohran Mamdani taps Big Tech antagonist Lina Khan as co-chair of mayoral transition team,Mayor-elect Zohran Mamdani has picked former Federal Trade Commission chair Lina Khan to serve as co-chair of his transition team.,Policy,Neutral
Abdullah ,ny-post,NYC moguls slam Ackman for congratulating Mamdani — after spending a fortune to defeat him: 'Gimp-like',"Ackman wrote late Tuesday to Mamdani on X: ""congrats on the win. Now you have a big responsibility. If I can help NYC, just let me know what I can...",Opinion,Positive
Abdullah ,ny-post,Mamdani's win shows how Jewish groups failed Jews by dismissing antisemitism on the left,"For New York’s Jews, these are the worst of times and the best of times.",Opinion,Neutral
Abdullah ,ny-post,Eric Adams unveils his plans after Zohran Mamdani wins NYC mayoral election: 'Have fun',"Mayor Adams said as his tenure in City Hall winds down, he’s ready to ""have so much fun.""",Election,Neutral
Abdullah ,ny-post,Anti-Defamation League launches 'Mamdani Monitor' to combat antisemitism,The Anti-Defamation League said the group will scrutinize the background of Zohran Mamdani appointees and funding of organizations to see if they are hostile to Jewish people.,Political Identity,Negative
Abdullah ,ny-post,Dem dubbed 'Minnesota Mamdani' loses Minneapolis race to incumbent mayor,"Minneapolis Mayor Jacob Frey has secured a third term in office, after winning a majority in the third round of ranked-choice voting.",Election,Neutral
Abdullah ,ny-post,Anti-billionaire Mayor-elect Zohran Mamdani responds to critic Bill Ackman's olive branch,Mayor-elect Zohran Mamdani on Wednesday responded to billionaire Bill Ackman's olive branch in the wake of his historic election win -- saying the Big Apple's business bigwigs needed to work...,Political Interaction,Positive
Abdullah ,ny-post,Zohran Mamdani's surprising transition team revealed after winning NYC mayoral election,Mayor-elect Zohran Mamdani began filling out his transition team just hours his historic win.,Policy,Positive
Abdullah ,ny-post,"Dem socialist Mamdani becomes next NYC mayor, shutdown may close US airspace, child predator meets Chris Hansen",Zohran Mamdani becomes New York City’s first muslim mayor after a record turnout where the stakes couldn't have been higher. Transportation Secretary warns some US airspace may close if the...,Political Identity,Positive
Abdullah ,ny-post,Swastikas found painted on Brooklyn yeshiva hours after Mamdani elected NYC mayor,"The hateful display sparked backlash from Republican Rep. Nicole Malliotakis, who urged Mayor-elect Zohran Mamdani to immediately condemn it.",Social Response,Negative
Abdullah ,ny-post,Jewish FDNY commissioner hands in resignation — morning after anti-Israel Mamdani elected mayor,"Robert Tucker, a Jewish philanthropist and businessman, will step down from the role he has held for just over 12 months.",Social Response,Negative
Abdullah ,ny-post,NYC DSA 'army' takes credit for Mamdani's win: 'A clear mandate for a Democratic socialist agenda',"“Our movement is at the heart of Zohran’s campaign.""",Social Response,Positive
Abdullah ,ny-post,"Mamdani fires shots at President Trump, threatens he will 'utilize the courts'",Democratic socialist Mayor-elect Zohran Mamdani fired warning shots at President Trump on Wednesday — threatening to “utilize the courts” if the commander-in-chief follows through with his threats to defund the Big Apple....,Political Interaction,Neutral
Abdullah ,ny-post,NYC Jewish groups vow to hold 'hostile' Mamdani accountable: 'Normalization of antisemitism just got very loud',"New York City Jewish organizations grappling with anti-Israel Mamdani’s mayoral victory Tuesday night have vowed to hold the mayor-elect ""fully accountable.""",Social Response,Negative
Abdullah ,ny-post,CNN's Van Jones among those raising alarm at Mamdani's instant 'character switch' after winning,"Jones was quick to note live on CNN that the 34-year-old's triumphant demeanor was a far cry from the cool, calm and collected candidate seen on the campaign trail.",Opinion,Negative
Abdullah ,ny-post,Mamdani reveals he hasn't spoken with Eric Adams or Trump after winning election,Follow The Post’s live updates for the latest reactions and news on how Mayor-elect Zohran Mamdani's socialist policies will impact NYC.,Political Interaction,Neutral
Abdullah ,ny-post,Mamdani sticks to his socialist guns in fire-breathing victory speech,"“New York, tonight you have delivered a mandate for a new kind of politics, a mandate for a city that we can afford and a mandate for a government that...",Policy,Positive
Abdullah ,ny-post,Cuomo's embarrassing loss to Mamdani in NYC mayoral election ends family political dynasty,"Like father, like son.",Election,Neutral
Abdullah ,ny-post,"Defiant Cuomo says NYC mayoral bid was 'right fight,' warns against Zohran Mamdani's divisiveness","Cuomo, running on an independent line, carved out an impressive 41.6% of the vote, trailing Mamdani by 9 points.",Election,Negative
Abdullah ,ny-post,Mamdani won but has no mandate — it's up to Hochul to save the city,Zohran Mamdani has no mandate to ram through a radical agenda — and Gov. Kathy Hochul and fellow Democrats must see that he doesn't.,Policy,Negative
Abdullah ,ny-post,"Mamdani, Spanberger, & Sherrill  — what their victories mean for Dems & the GOP","Election Day 2025 was a good one for less-radical Democrats, or at least Dems who play moderate, as Abby Spanberger and Mikie Sherrill triumphed in Virginia and New Jersey.",Election,Neutral
Abdullah ,ny-post,Zohran Mamdani is splitting the Democrats — and giving GOP an opportunity,"Good morning, New York City, and welcome to the era of Mayor Mamdani.",Social Response,Positive
Abdullah ,ny-post,How Mamdani’s controversial policies could quickly reshape NYC as he becomes mayor,"Socialist Zohran Mamdani's lofty promises of an affordable, progressive Big Apple have electrified throngs of voters -- and terrified others concerned about its costs.",Policy,Neutral
Abdullah ,ny-post,Mamdani wins mayoral election — and wastes no time in declaring war on Trump in victory speech,"The Uganda-born Mamdani will be the Big Apple's first Muslim and first socialist mayor, as well as one of the youngest.",Political Identity,Positive
Abdullah ,ny-post,NYC mayoral election results live map: See how Zohran Mamdani won against Andrew Cuomo,"Follow along on our election results map as the race for New York City mayor between Zohran Mamdani, Andrew Cuomo and Curtis Sliwa nears the finish line.",Election,Neutral
Abdullah ,ny-post,Desi voters are flexing power — and Zohran Mamdani wooed them hard,"The politically adroit Mamdani found a lane to exploit — and he did so with constant, culturally sensitive outreach to the city’s South Asians, especially its Muslims.",Social Response,Positive
Abdullah ,ny-post,Muslim group with 'deep' terrorist ties linked to large Mamdani donors: documents,The Council for American Islamic Relations is the biggest institutional backer to Zohran Mamdani's mayoral campaign,Political Identity,Negative
Abdullah ,ny-post,Cuomo calls race against Mamdani 'most important' in his lifetime as future of NYC hangs in balance,"Speaking to an unruly throng of reporters after voting at the High School of Art and Design on 56th Street in Manhattan just before noon Tuesday, Cuomo tapped into voters’...",Opinion,Neutral
Abdullah ,ny-post,Hedge fund tycoon rips Mamdani's rent freeze plan as 'hydrogen bomb' for NYC,"Speaking exclusively to The Post, the 59-year-old Queens-born money man lashed out at the Uganda-born Muslim lawmaker's policy to ban price hikes for rent-stabilized apartments.",Opinion,Negative
Abdullah ,ny-post,Greg Abbott bizarrely threatens '100% tariff' on New Yorkers fleeing to Texas if Mamdani wins,"""After the polls close tomorrow night, I will impose a 100% tariff on anyone moving to Texas from NYC,"" the Texas governor posted.",Social Response,Negative
Abdullah ,ny-post,Mamdani wastes no time in declaring war on Trump in victory speech as prez posts '...AND SO IT BEGINS',"Follow live updates as Democratic Socialist Zohran Mamdani is elected NYC mayor, beating Andrew Cuomo and Curtis Sliwa with a record-breaking 2 million votes cast.",Social Response,Neutral
Abdullah ,ny-post,Zohran Mamdani didn't vote for himself as Democrat — but on the WFP line,Mamdani stressed the need for more housing across all five boroughs as he arrived to cast his vote in Queens early Tuesday in his fight to become the Big Apple's...,Policy,Positive
Abdullah ,ny-post,Mamdani campaign in 'coordination' with at least $1.8M in Super PAC spending: complaint,"Socialist darling Zohran Mamdani's mayoral campaign is being accused of steering millions in outside Super PAC spending, according to a new complaint filed with the city's Campaign Finance Board.",Social Response,Negative
Abdullah ,ny-post,Cuomo backed by major NYC Hasidic community after rabbi issues ‘unauthorized’ Mamdani endorsement,"Former Gov. Andrew Cuomo secured the backing of a typically bloc-voting Orthodox Jewish group on Sunday – after a rabbi in the Brooklyn sect reportedly issued an ""unauthorized"" mayoral endorsement...",Political Interaction,Negative
Abdullah ,ny-post,"Mamdani poses as 'cheap seats' Knicks fan in cringefest political stunt with reporter, podcaster",Mayoral frontrunner Zohran Mamdani posted from the cheap seats at MSG -- but the lefty Dem is more about soccer and cricket than hoops.,Opinion,Neutral
Abdullah ,ny-post,Let's get real — a vote for Sliwa is a vote to make Mamdani mayor,A vote for Curtis Sliwa is a vote for a New York City that the majority of New Yorkers don't want.,Opinion,Neutral
Abdullah ,ny-post,Zohran Mamdani's 'free buses' are a dangerous mistake — we've seen how they fail,"Kansas City learned that Zero Fare, like Zohran Mamdani's other socialistic policies, had dire real-life consequences that are never contemplated at Democratic Socialists’ organizing meetings.",Policy,Negative
Abdullah ,ny-post,Zohran Mamdani tries to play Trump card with one day left in NYC election as Andrew Cuomo closes gap,They're playing the Trump card. President Trump isn't on the ballot but he took center stage on the eve of New York City's mayoral election -- with both Zohran Mamdani...,Election,Neutral
Abdullah ,ny-post,Hochul pushes controversial NYC housing ballot measures despite Mamdani's silence on issue,"Hochul refused to address Mamdani's unusual cowering from taking a public stance on ballot measures Nos. 2, 3 and 4, which have roiled city council members who feel they're being...",Political Interaction,Neutral
Abdullah ,ny-post,Bombshell NYC election eve poll predicts Zohran Mamdani-Andrew Cuomo mayoral race will come down to the wire,"The poll, which surveyed just over 2,400 voters, comes a day after the same polling outfit had Cuomo trailing Mamdani by six points.",Election,Neutral
Abdullah ,ny-post,How Zohran Mamdani's wife quietly steered his campaign from behind the scenes,Zohran Mamdani’s artist wife Rama Duwaji helped design the Democratic socialist's logos -- but has been noticeably absent from his entire mayoral campaign.,Social Response,Neutral
Abdullah ,ny-post,Inside the South Asian political machine that's used foreign influence to tip the scales in Zohran Mamdani's favor,What if the foreign interference policymakers fear actually ends up playing out not in dark recesses of the internet — but in broad daylight on the streets of New York...,Policy,Neutral
Abdullah ,ny-post,Mamdani spews word-salad excuse after Obama endorsement snub just day before election,Democratic nominee and proud socialist Zohran Mamdani tried to downplay former President Barack Obama’s refusal to offer up an endorsement over the weekend — with just one day left.,Political Interaction,Negative
Abdullah ,ny-post,Antisemitic activist  vows to hold Mamdani accountable on campaign promises -- boasts Hamas-tied nonprofit fueled rise,Antisemitic activist Linda Sarsour vowed to make sure Zohran Mamdani doesn’t backtrack on his radical campaign policies if he is elected mayor – and boasted that she and a Hamas-linked nonprofit helped fuel his...,Political Identity,Negative
Abdullah ,ny-post,"Trump scoffs at being compared to Mamdani, quips he's 'much better looking' than 'Communist' candidate","President Trump scoffed at being compared to mayoral front-runner Zohran Mamdani -- quipping that he's ""much better looking"" than the ""communist"" candidate.",Opinion,Negative
Abdullah ,ny-post,Nearly a million New Yorkers ready to flee NYC if Mamdani becomes mayor — possibly igniting largest exodus in history: poll,Hundreds of thousands of New Yorkers are prepared to bolt from the Big Apple if socialist candidate Zohran Mamdani wins Tuesday’s mayoral race — potentially setting the stage for the...,Social Response,Negative
Abdullah ,ny-post,Nonhostile takeover: How the Democratic Party gave in to radicals like Mamdani,"The first law of politico-dynamics is power cannot be created or destroyed, only transferred to a stronger entity when the weak poorly defends it. The Democratic Party of old allowed...",Political Identity,Negative
Abdullah ,ny-post,It'll be EASY for a Mayor Mamdani to abandon the schools,"As Mayor Eric Adams' term winds down, the Panel for Educational Policy that's supposed to be the tool for mayoral control of the schools has gone rogue, both exceeding its...",Policy,Negative
Abdullah ,ny-post,20 reasons to vote against NYC mayoral front-runner Mamdani,"If you want to protect NYC, don't pick Zohran Mamdani.",Opinion,Negative
Abdullah ,ny-post,UK ex-Labour Party leader accused of antisemitism mans the phones for Mamdani,"Jeremy Corbyn, the former leader of the UK's Labour Party who faced allegations of antisemitism, is working the phones on Sunday for New York City mayoral candidate Zohran Mamdani.",Political Interaction,Neutral
Abdullah ,the-new-york-times,Zohran Mamdani and the Revenge of the Struggling Yuppie,"When the city becomes a “luxury product,” even the comfortable start to rebel.",Political Identity,Negative
Abdullah ,the-new-york-times,An Emboldened Mamdani Sheds Conciliatory Tone,"Fresh from a stunning victory, Zohran Mamdani, the mayor-elect, said in an interview that his supporters wanted “a politics of consistency” and aggressive action, including on taxing the rich.",Policy,Positive
Abdullah ,the-new-york-times,Where Mamdani Found the Blueprints to Run for Mayor,"Before Zohran Mamdani became a state legislator, he helped South Asian New Yorkers who were in danger of losing their homes because of tax liens and job losses.",Political Identity,Positive
Abdullah ,the-new-york-times,Trump and Mamdani Will Meet at White House on Friday,"The meeting between Zohran Mamdani, the mayor-elect of New York City, and President Trump will come after the two men have fiercely attacked one another.",Political Interaction,Neutral
Abdullah ,the-new-york-times,Zohran Mamdani Is Elected Mayor of New York City,"Mr. Mamdani, a state lawmaker and democratic socialist, will be the first Muslim mayor in the city’s history.",Political Identity,Positive
Abdullah ,the-new-york-times,"Trump and Mamdani Will Meet for First Time, With Implications for New York","Zohran Mamdani, the mayor-elect of New York City, will go to the White House on Friday. The stakes are high for the city.",Political Interaction,Neutral
Abdullah ,the-new-york-times,The Strategic Uncoupling of Zohran Mamdani and Brad Lander,"Mr. Lander, the New York City comptroller, campaigned with Mr. Mamdani and once hoped to join him in City Hall. Now he is eyeing a congressional seat.",Political Interaction,Neutral
Abdullah ,the-new-york-times,She Runs the N.Y.P.D. He’ll Lead the City. Here’s Where They Disagree.,"The New York City mayor-to-be, Zohran Mamdani, and the head of the Police Department, Jessica Tisch, have gaps to bridge on crime and policing.",Policy,Positive
Abdullah ,the-new-york-times,"Mamdani, Mofongo and Rum: Democratic Squabbles Fade Away, for Now","At an annual gathering in Puerto Rico for New York’s political class, former foes of Zohran Mamdani put aside their differences and tried to get information about his inner circle.",Political Interaction,Positive
Abdullah ,ca-national-news,Trump to meet Mamdani at White House on Friday,No detailed summary available in snippet.,Political Interaction,Neutral
Abdullah ,ca-national-news,Mamdani is turning Wall Street enemies into friends,Content Type: Opinion,Opinion,Positive
Abdullah ,ca-national-news,Zohran Mamdani wins New York mayoral race,No detailed summary available in snippet.,Election,Positive
Abdullah ,ca-national-news,"In Zohran Mamdani, Democrats may have found their Trump-slayer",Content Type: Opinion,Opinion,Positive
Abdullah ,ca-national-news,New York mayoral candidates prepare for heated election as Democrat Mamdani leads polls,No detailed summary available in snippet.,Election,Positive
Abdullah ,ca-national-news,"Cuomo congratulates Mamdani, tells crowd not to boo",Coverage of Andrew Cuomo's concession speech following the mayoral election.,Political Interaction,Positive
Abdullah ,ca-national-news,Zohran Mamdani elected mayor of New York City,No detailed summary available in snippet.,Election,Neutral
Abdullah ,ca-national-news,Can Zohran Mamdani save the Democrats?,Content Type: Opinion,Opinion,Positive
Abdullah ,ca-national-news,Democratic successes in local U.S. elections won’t soothe party’s anxieties about its future,Content Type: Analysis,Social Response,Neutral
Abdullah ,the-seattle-times,Trump and Mamdani meet Friday in the Oval Office. They've cast each other as adversaries for months,President Donald Trump has called New York City’s Mayor-elect Zohran Mamdani a “100% Communist Lunatic” and a “total nut job.”.,Political Interaction,Negative
Abdullah ,the-seattle-times,Mamdani says he wants to talk affordability with Trump and isn't worried he's walking into a trap,New York City Mayor-elect Zohran Mamdani says he plans to center an upcoming meeting with Republican President Donald Trump on how the two opposing leaders could work to make the city a more affordable place to live.,Policy,Positive
Abdullah ,the-seattle-times,"Trump says he and Mamdani will meet Friday in Washington, setting up clash of political opposites",President Donald Trump says he will meet with New York City Mayor-elect Zohran Mamdani in Washington later this week.,Political Interaction,Neutral
Abdullah ,the-seattle-times,New York Mayor-elect Mamdani says the city's current police commissioner will stay on the job,New York City Mayor-elect Zohran Mamdani says the city’s current police commissioner will remain in the post.,Policy,Neutral
Abdullah ,the-seattle-times,"For conservative media, New York City Mayor-elect Zohran Mamdani quickly becomes attack target","New York City's mayor-elect, Zohran Mamdani, has quickly become a target of conservative media figures.",Social Response,Negative
Abdullah ,the-seattle-times,NYC Mayor-elect hopes to meet with Trump to discuss affordability,New York City Mayor-elect Zohran Mamdani says he hopes to meet with President Donald Trump to find ways the political polar opposites can work together on the central focus of his winning campaign: affordability.,Policy,Positive
Abdullah ,the-seattle-times,"Trump plans to meet with Mamdani, says he'll 'work something out' with New York City's mayor-elect",President Donald Trump is indicating that he plans to meet with New York City’s mayor-elect Zohran Mamdani and says they’ll “work something out.”.,Political Interaction,Positive
Abdullah ,the-seattle-times,New York Mayor-elect Mamdani taps a budget and policy veteran to be his No. 2 at City Hall,New York City Mayor-elect Zohran Mamdani has appointed a veteran of city and state government to be his first deputy mayor as he prepares to carry out his ambitious agenda.,Policy,Positive
Abdullah ,the-seattle-times,"In Israel, Mamdani’s win in New York stirs alarm over shifting US attitudes",The election of Zohran Mamdani as New York City’s next mayor has sent a chill across Israel.,Social Response,Neutral
Abdullah ,the-seattle-times,Progressives warn Democrats against alienating the left and blast Schumer's Senate leadership,Democrats are riding high after Election Day wins and some are capitalizing on the victory of New York City Mayor-Elect Zohran Mamdani.,Social Response,Positive
Abdullah ,the-seattle-times,"Zohran Mamdani and London's Muslim mayor, Sadiq Khan, have much in common, but also key differences","As a left-leaning Muslim politician, London Mayor Sadiq Khan shares similarities with New York Mayor-elect Zohran Mamdani.",Political Identity,Neutral
Abdullah ,the-seattle-times,Anti-Defamation League creates antisemitism tip line focused on Mamdani,"The announcement came after a closing stretch of the mayoral campaign during which Mamdani’s detractors accused him of antisemitism, a charge he has rejected.",Social Response,Negative
Abdullah ,the-seattle-times,"As Republicans retire Pelosi from attack ads, they eye a new villain | Analysis","Nancy Pelosi is out, and Zohran Mamdani is in. Or so Republicans hope.",Social Response,Neutral
Abdullah ,the-seattle-times,Mamdani in Puerto Rico for an annual conference of New York political insiders,"New York City Mayor-elect Zohran Mamdani is in Puerto Rico this weekend for an annual summit that brings New York’s politicians and lobbyists to sunny San Juan for strategy meetings, workshops and boozy confabs.",Political Interaction,Positive
Abdullah ,the-seattle-times,Divided Jewish leaders react with warnings and hope as New York elects Zohran Mamdani as mayor,"Within hours of Zohran Mamdani’s election as New York’s first Muslim mayor, there were swift and harsh reactions from his Jewish critics.",Social Response,Negative
Abdullah ,the-seattle-times,Photos of Zohran Mamdani and his supporters as they celebrate his election as NYC's mayor,No summary available in snippet.,Social Response,Positive
Abdullah ,the-seattle-times,Mamdani announces veteran transition team as he makes plans to carry out an ambitious agenda for NYC,"Fresh off his historic victory in New York City’s mayoral election, Zohran Mamdani named a slate of seasoned officials to help lead his transition to City Hall.",Policy,Positive
Abdullah ,the-seattle-times,New York Muslims Exult in Mamdani’s Victory: ‘Now This Is Our Time’,"When Zohran Mamdani is sworn in as mayor on Jan. 1, he will become the most prominent Muslim elected official in the U.S. His victory is also an inflection point for New York’s Muslims.",Political Identity,Positive
Abdullah ,the-seattle-times,Mamdani tells Trump that New York is ready to fight after president's threats fail to thwart voters,Zohran Mamdani has just been elected mayor of New York City and is already challenging President Donald Trump.,Political Interaction,Neutral
Abdullah ,the-seattle-times,Zohran Mamdani's rise: From Queens lawmaker to New York City mayor,Zohran Mamdani has stormed onto the national political scene by winning New York City's mayoral election.,Political Identity,Positive
Abdullah ,the-wall-street-journal,Is a Mayor Mamdani a Blessing in Disguise?,No summary available in snippet. (Could be video or online-only content),Political Identity,Positive
Abdullah ,the-wall-street-journal,The Mamdani Millionaires Supporting the Socialist for NYC Mayor,No summary available in snippet. (Could be video or online-only content),Opinion,Neutral
Abdullah ,the-wall-street-journal,Mamdani and the Left’s Alliance With Radical Islam,No summary available in snippet. (Could be video or online-only content),Political Identity,Neutral
Abdullah ,the-wall-street-journal,Mamdani Delivers Upset in New York Mayoral Primary,No summary available in snippet. (Could be video or online-only content),Election,Positive
Abdullah ,the-wall-street-journal,Notable & Quotable: Mamdani and Shoplifting,No summary available in snippet. (Could be video or online-only content),Policy,Neutral
Kihyeok,the-wall-street-journal,Prof. Mamdani’s Curriculum,No summary available in snippet. (Could be video or online-only content),Policy,Positive
Kihyeok,the-wall-street-journal,A Makeover for the Anti-Mamdani Campaign,No summary available in snippet. (Could be video or online-only content),Social Response,Negative
Kihyeok,the-wall-street-journal,New York Officials to Team Up With Wall Street to Keep National Guard Out,No summary available in snippet. (Could be video or online-only content),Social Response,Negative
Kihyeok,the-wall-street-journal,Mamdani Declares Victory in NYC Mayoral Primary as Cuomo Concedes,No summary available in snippet. (Could be video or online-only content),Election,Positive
Kihyeok,the-wall-street-journal,Living in Zohran Mamdani’s America,No summary available in snippet. (Could be video or online-only content),Election,Neutral
Kihyeok,the-wall-street-journal,When Will AI Elect a President?,No summary available in snippet. (Could be video or online-only content),Election,Positive
Kihyeok,the-wall-street-journal,Democrats Make a Startling Comeback on Election Day,No summary available in snippet. (Could be video or online-only content),Political Identity,Neutral
Kihyeok,the-wall-street-journal,Downwardly Mobile Elites Love Zohran Mamdani,No summary available in snippet. (Could be video or online-only content),Opinion,Positive
Kihyeok,the-wall-street-journal,"I Want Your Vote, You Bigot",No summary available in snippet. (Could be video or online-only content),Social Response,Negative
Kihyeok,the-wall-street-journal,Don’t Forget David Dinkins,No summary available in snippet. (Could be video or online-only content),Political Identity,Neutral
Kihyeok,the-wall-street-journal,Zohran Mamdani and the Democrats,No summary available in snippet. (Could be video or online-only content),Political Identity,Neutral
Kihyeok,the-wall-street-journal,Democrats Fall Into the Mamdani Line,No summary available in snippet. (Could be video or online-only content),Election,Neutral
Kihyeok,the-wall-street-journal,The Bidding War for New York Refugees,No summary available in snippet. (Could be video or online-only content),Social Response,Negative
Kihyeok,the-wall-street-journal,Elise Stefanik Aims for the New York Governor’s Office,No summary available in snippet. (Could be video or online-only content),Election,Neutral
Kihyeok,the-wall-street-journal,NYC Developers Gripped by Hysteria After Mamdani’s Sudden Rise,No summary available in snippet. (Could be video or online-only content),Social Response,Negative
Kihyeok,the-wall-street-journal,Sliwa Warns Mamdani on Socialism: ‘We Are Mobilizing’,No summary available in snippet. (Could be video or online-only content),Political Identity,Negative
Kihyeok,the-wall-street-journal,Zohran Mamdani Wins NYC Mayor’s Race,No summary available in snippet. (Could be video or online-only content),Election,Neutral
Kihyeok,the-wall-street-journal,Affordability Key Issue for Mamdani Voter,No summary available in snippet. (Could be video or online-only content),Policy,Positive
Kihyeok,the-wall-street-journal,Mamdani Makes Final Election Push,No summary available in snippet. (Could be video or online-only content),Election,Neutral
Kihyeok,the-wall-street-journal,"In Sunset Park, Brooklyn, Strong Support for Mamdani",No summary available in snippet. (Could be video or online-only content),Opinion,Positive
Kihyeok,the-wall-street-journal,Who Is Zohran Mamdani? What to Know About the Democratic Candidate for NYC Mayor,No summary available in snippet. (Could be video or online-only content),Political Identity,Neutral
Kihyeok,the-wall-street-journal,"Prediction-Market Bettors on Polymarket, Kalshi Back Mamdani in Mayoral Election",No summary available in snippet. (Could be video or online-only content),Election,Positive
Kihyeok,the-wall-street-journal,Ex-Cop Votes Cuomo to Keep Mamdani Out,No summary available in snippet. (Could be video or online-only content),Election,Negative
Kihyeok,the-wall-street-journal,What Is Mamdani’s Millionaire Tax and How Would It Work?,No summary available in snippet. (Could be video or online-only content),Policy,Neutral
Kihyeok,the-wall-street-journal,What Mamdani Has Said About Israel and Gaza,No summary available in snippet. (Could be video or online-only content),Policy,Neutral
Kihyeok,the-wall-street-journal,Which New York City Voters Lean Mamdani vs. Cuomo?,No summary available in snippet. (Could be video or online-only content),Election,Neutral
Kihyeok,the-wall-street-journal,Harlem Voters on Why They Are Voting for Mamdani,No summary available in snippet. (Could be video or online-only content),Election,Positive
Kihyeok,the-wall-street-journal,"Schumer, Centrist Democrats Dodge Questions on Mamdani",No summary available in snippet. (Could be video or online-only content),Opinion,Neutral
Kihyeok,the-wall-street-journal,Who Has Endorsed Cuomo or Mamdani for NYC mayor?,No summary available in snippet. (Could be video or online-only content),Opinion,Positive
Kihyeok,the-wall-street-journal,Mamdani on Election Day: ‘I Will Not Be Intimidated’ by Trump,No summary available in snippet. (Could be video or online-only content),Political Identity,Positive
Kihyeok,the-wall-street-journal,Mamdani Says He Voted in Favor of Housing-Ballot Reforms,No summary available in snippet. (Could be video or online-only content),Policy,Positive
Kihyeok,the-wall-street-journal,What President Trump Has Said About Zohran Mamdani,No summary available in snippet. (Could be video or online-only content),Opinion,Neutral
Kihyeok,the-wall-street-journal,Mamdani’s Campaign Platform,No summary available in snippet. (Could be video or online-only content),Election,Neutral
Kihyeok,the-wall-street-journal,"Trump Backs Cuomo, Reiterates Funding Threat If Mamdani Wins",No summary available in snippet. (Could be video or online-only content),Opinion,Negative
Kihyeok,the-wall-street-journal,Trump Calls Jewish Voters Who Support Mamdani ‘Stupid’ in Truth Social Post,No summary available in snippet. (Could be video or online-only content),Opinion,Negative
Kihyeok,the-wall-street-journal,WSJ Opinion: Mamdani’s Law-and-Order Police Chief,No summary available in snippet. (Could be video or online-only content),Opinion,Neutral
Kihyeok,the-wall-street-journal,Trump Says He Will Meet With Mamdani Friday at the White House,"Appeared in the Nov 20, 2025, print edition as 'President Sets Meeting With NYC’s Mamdani'",Political Interaction,Neutral
Kihyeok,the-wall-street-journal,Mamdani’s Law-and-Order Police Chief,"Appeared in the Nov 20, 2025, print edition as 'Mamdani’s Law-and-Order Police Chief'",Policy,Negative
Kihyeok,the-wall-street-journal,Indian Leftists Have Zohran Mamdani Envy,"Appeared in the Nov 20, 2025, print edition as 'Indian Leftists Have Zohran Mamdani Envy'",Social Response,Positive
Kihyeok,the-wall-street-journal,New York Police Commissioner Jessica Tisch to Stay in Post Under Mamdani,"Appeared in the Nov 20, 2025, print edition as 'NYPD Boss Will Keep Post Under Mamdani'",Policy,Neutral
Kihyeok,the-wall-street-journal,Seattle Elects Mamdani West,No summary available in snippet. (Could be video or online-only content),Election,Positive
Kihyeok,the-wall-street-journal,Escape From Zohran Mamdani’s New York,"Appeared in the Nov 13, 2025, print edition as 'Escape From Zohran Mamdani’s New York'",Social Response,Positive
Kihyeok,the-wall-street-journal,Grade Inflation Produced Mamdani’s Proletariat,"Appeared in the Nov 10, 2025, print edition as 'Grade Inflation Produced Mamdani’s Proletariat'",Opinion,Negative
Kihyeok,the-wall-street-journal,WSJ Opinion: Mamdani's Win and the Democratic Divide,No summary available in snippet. (Could be video or online-only content),Opinion,Negative
Kihyeok,the-wall-street-journal,Meet the Advisers Who Will Shape Mamdani’s Administration,No summary available in snippet. (Could be video or online-only content),Policy,Neutral
Kihyeok,the-wall-street-journal,Take Mamdani Seriously and Literally,"Appeared in the Nov 8, 2025, print edition as 'Take Mamdani Seriously and Literally'",Opinion,Positive
Kihyeok,the-wall-street-journal,"After a Dream Campaign, Mamdani Faces the Nightmare of Running New York City","Appeared in the Nov 7, 2025, print edition as 'Mamdani Faces A Complex Reality'",Election,Neutral
Kihyeok,the-wall-street-journal,Zohran Mamdani Captures New York,"Appeared in the Nov 6, 2025, print edition as 'Mamdani Captures New York'",Election,Negative
Kihyeok,the-wall-street-journal,How Do New Yorkers Feel About Mamdani's Mayoral Victory?,No summary available in snippet. (Could be video or online-only content),Social Response,Neutral
Kihyeok,the-wall-street-journal,The Voters Who Propelled Mamdani to Victory,"Appeared in the Nov 6, 2025, print edition as 'How Mamdani Won Over a Million Votes'",Election,Positive
Kihyeok,the-wall-street-journal,Mamdani Taps Antitrust Crusader Lina Khan to Help Lead Transition,"Appeared in the Nov 6, 2025, print edition as 'Antitrust Crusader Khan Will Help Lead Transition'",Policy,Neutral
Kihyeok,the-wall-street-journal,Under My Hat in Mamdani’s New York,"Appeared in the Nov 6, 2025, print edition as 'Under My Hat in Mamdani’s New York'",Social Response,Neutral
Kihyeok,the-wall-street-journal,The Economics Behind Zohran Mamdani’s Biggest Plans,No summary available in snippet. (Could be video or online-only content),Policy,Neutral
Kihyeok,the-wall-street-journal,Mamdani Taps Lina Khan as Transition Team Co-Chair,No summary available in snippet. (Could be video or online-only content),Policy,Neutral
Kihyeok,the-wall-street-journal,"Mamdani Says He Hasn’t Heard from Cuomo, Adams",No summary available in snippet. (Could be video or online-only content),Political Interaction,Neutral
Kihyeok,los-angeles-times,California Passes Prop 50 to Redraw Maps; Zohran Mamdani Elected as NYC’s Youngest Mayor,No detailed summary provided in snippet.,Election,Neutral
Kihyeok,los-angeles-times,Mamdani’s Kampala roots resonate with Ugandans watching his mayoral bid,"Zohran Mamdani is leading the New York City mayor’s race, and people in his native Uganda say they are watching with pride",Political Identity,Positive
Kihyeok,los-angeles-times,"‘Badhai!’ In India, a celebration for Zohran Mamdani’s New York mayoral win and his roots","The 34-year-old, Ugandan-born Mamdani is set to be New York’s youngest mayor in more than a century — and the first Muslim one — when he takes office on Jan. 1.",Political Identity,Positive
Kihyeok,los-angeles-times,"Democrats sweep key elections as Mamdani wins NYC mayor’s race, capping a stunning ascent",Zohran Mamdani defeated former Gov. Andrew Cuomo in a generational battle between Democrats in the New York City mayor’s race.,Election,Neutral
Kihyeok,los-angeles-times,Contributor: Electing Mamdani would be an ominous turn for New York and the nation,"When the nation’s largest city thrives, the entire country feels the lift. And when New York falters, the ripple effects are often national.",Opinion,Negative
Kihyeok,los-angeles-times,Contributor: Zohran Mamdani’s campaign echoes a forgotten chapter of California history,"Congressman Dalip Singh Saund provided a blueprint for Mamdani, proving that when charming countercultural candidates show up, listen and speak from the heart, they can win — even against money and power.",Election,Positive
Kihyeok,los-angeles-times,Backing Israel was considered mandatory for New York politicians. Then came Zohran Mamdani,"Zohran Mamdani, who would be the city’s first Muslim mayor, could be on the cusp of shattering that convention.",Political Identity,Neutral
Kihyeok,los-angeles-times,"In emotional speech, Zohran Mamdani defends Muslim identity against ‘racist and baseless’ attacks","Encircled by faith leaders outside a Bronx mosque, Mamdani speaks in emotional terms about the ‘indignities’ long faced by the city’s Muslim population.",Political Identity,Neutral
Kihyeok,los-angeles-times,New York Gov. Kathy Hochul endorses Zohran Mamdani for mayor,"Gov. Kathy Hochul has urged New York City residents to vote for Zohran Mamdani for mayor, giving the Democratic nominee one of his most significant endorsements to date.",Opinion,Positive
Kihyeok,los-angeles-times,Letters to the Editor: Readers slam new Florida teaching standards that soften McCarthyism,"‘Shame on the Florida Board of Education for spinning McCarthyism into something positive and trying, once again, to stigmatize the terms “socialist” and “communist,”’ an L.A. Times reader writes.",Political Identity,Negative
Kihyeok,los-angeles-times,New York Mayor-elect Mamdani says the city’s current police commissioner will stay on the job,"For Zohran Mamdani, the appointment seals one of the most consequential decisions of his nascent administration and provides further insight into the progressive’s looming stewardship of City Hall.",Policy,Positive
Kihyeok,los-angeles-times,She’s challenging Bass from the left. Could she become L.A.’s Mamdani?,"Rae Huang, a 43-year-old community organizer and democratic socialist, is waging a long-shot campaign for L.A. mayor, focusing on free buses, public housing and police abuse.",Social Response,Neutral
Kihyeok,los-angeles-times,"Trump plans to meet with Mamdani, says he’ll ‘work something out’ with New York City’s mayor-elect",President Trump said Sunday that he plans to meet with New York Mayor-elect Zohran Mamdani and says they’ll ‘work something out.’,Political Interaction,Neutral
Kihyeok,los-angeles-times,Skelton: New York’s Zohran Mamdani’s win offers a lesson for Newsom,Newsom should learn from Zohran Mamdani’s success,Election,Positive
Kihyeok,los-angeles-times,"Letters to the Editor: No, Zohran Mamdani’s platform isn’t a fantasy of ‘far-left utopianism’","‘In [contributing writer Josh] Hammer’s recent op-ed, he presents affordable housing, food stability and accessible child care and education as a nightmare. Don’t threaten us with a good time,’ writes an L.A. Times reader.",Opinion,Positive
Kihyeok,los-angeles-times,Can L.A. get its own Zohran Mamdani? Two Latina mayors are paving the way,"With the recent mayoral win of Zohran Mamdani in New York City, many progressive Angelenos are seeking the West Coast analog.",Social Response,Positive
Kihyeok,los-angeles-times,"Taking inspiration from Mamdani, democratic socialists look to expand their power in L.A.",Organizers with Democratic Socialists of America hope to add two more seats on the Los Angeles City Council in the June election — and possibly get to eight in 2028.,Social Response,Positive
Kihyeok,nbc-news,Zohran Mamdani reaches out to the White House to set up a meeting with Trump,Trump told reporters Sunday that the New York City Mayor-elect had reached out for a meeting. Mamdani's campaign confirmed the outreach the following day.,Political Interaction,Neutral
Kihyeok,business-insider,Zohran Mamdani calls for boycott of Starbucks amid strike,Mamdani's call to boycott Starbucks amid the strike represents an early indication of how he may use the bully pulpit as NYC mayor.,Policy,Negative
Kihyeok,business-insider,Mamdani is promising free childcare in NYC. Here's how New Mexico did it — and gave caregivers a raise in the process.,Universal childcare in New York City is one of Zohran Mamdani's affordability promises. New Mexico's new policy shows that is it possible.,Policy,Positive
Kihyeok,usa-today,Zohran Mamdani campaigned on free buses in New York City. The governor is pumping the brakes.,"New York Gov. Kathy Hochul says the transit system relies on bus and subway fares and that she ""cannot set forth a plan right now"" to change that.",Policy,Positive
Kihyeok,new-york-magazine,Trump Suggests He’s Open to Meeting Mamdani,"President Donald Trump suggested that he was open to meeting with Mayor-elect Zohran Mamdani, telling reporters, ‘We’ll work something out.’",Political Interaction,Neutral
Kihyeok,new-york-magazine,Inside Zohran Mamdani’s Election Day,"The photographer Sinna Nasseri embedded with Zohran Mamdani’s team on Election Day, capturing his journey from the voting booth to the barbershop to his victory party.",Election,Positive
Kihyeok,business-insider,Zohran Mamdani wins NYC mayors' race in blow to billionaires who bet against him,"Democratic socialist candidate Zohran Mamdani, 34, is projected to defeat Andrew Cuomo in the race for New York City mayor.",Election,Positive
Kihyeok,business-insider,Business leaders from Bill Ackman to Andrew Yang react to Mamdani's NYC mayoral race win,"Business leaders, including Bill Ackman and Andrew Yang, have congratulated Zohran Mamdani on his mayoral win.",Opinion,Neutral
Kihyeok,business-insider,"A guide to the writers, thinkers, and politicians Mamdani referenced in his victory speech","Mamdani opened his speech with a quote from Eugene Debs, one of the most famous socialists in American history.",Political Identity,Neutral
Kihyeok,business-insider,Mamdani's victory speech included a 4-word warning to Trump,"New NYC Mayor Zohran Mamdani targeted Donald Trump in his victory speech, pledging to fight corruption and support unions.",Policy,Positive
Kihyeok,business-insider,Trump responds to Mamdani: 'He's off to a bad start',"Trump told Fox News that Mamdani gave ""a very angry speech"" on Tuesday night. The mayor-elect directly addressed Trump.",Opinion,Negative
Kihyeok,business-insider,Home Depot cofounder Ken Langone: 'New York is on the verge of making a monumental mistake',Ken Langone also had a word of advice for people who take issue with the country overall.,Opinion,Negative
Kihyeok,business-insider,New York's VCs are opening their wallets to elect Cuomo. Here's the data to prove it.,"New York mayoral candidate Zohran Mamdani is ahead in the polls, but most New York VCs are bullish on Cuomo. The numbers back that up.",Election,Negative
Kihyeok,business-insider,"The proposals NYC business leaders say they can live with under Zohran Mamdani, according to his CEO whisperer",Yasser Salem has built a business council to advise Mamdani if he wins. The McKinsey alum explains that bosses are open to free childcare.,Opinion,Positive
Kihyeok,business-insider,Meet the ex-McKinsey exec helping NYC's CEOs get comfortable with Zohran Mamdani,"Zohran Mamdani may not have many fans in the C-Suite, but ex-McKinsey exec Yasser Salem is introducing the upstart socialist to NYC's skeptical CEOs.",Opinion,Positive
Kihyeok,business-insider,Mamdani is officially NYC mayor — read his full acceptance speech here,Zohran Mamdani beat former Democratic Gov. Andrew Cuomo and Republican Curtis Sliwa to win the race. Read his full acceptance speech.,Election,Positive
Kihyeok,business-insider,Breaking down Zohran Mamdani's proposals by the numbers: What has he planned and how much will it cost,"The Democratic candidate is leading the polls. Here are his affordability-centered plans, and what may stand in the way.",Policy,Neutral
Kihyeok,business-insider,"Ex-FTC chair Lina Khan joins Mamdani's transition team, calling his victory a rebuke of 'outsized corporate power'","During her time leading the FTC, Khan drew the ire of many on Wall Street and in Silicon Valley.",Opinion,Positive
Kihyeok,business-insider,Alex Karp says the left's 'Mamdani wing' and the 'woke right' are the biggest threats to Palantir,"""If you explain to the world that labor is going to be valueless, people are going to elect the most ridiculous people ever,"" Karp said.",Opinion,Negative
Kihyeok,the-atlantic,Mamdani Has a Point About Rent Control,"In an interview, the candidate argued that the policy is essential to get voters on board with pro-housing reforms.",Policy,Positive
Kihyeok,usa-today,Forget Schumer and Pelosi. Zohran Mamdani is Republicans' new foil.,"The National Republican Congressional Committee plans to ""Make Mamdani and his policies the face of the Democratic Party,"" in the 2026 elections.",Election,Positive
Kihyeok,ny-post,NYC restaurateur cancels expansion plans following Zohran Mamdani victory: ‘I’m not signing’,"""We just don't feel that this mayor is suitable to supporting small businesses,"" restaurateur Stratis Morfogen told The Post",Opinion,Negative
Kihyeok,abc-news,"New York will resist Trump 'intimidation,' Mayor-elect Zohran Mamdani says","Mayor-elect Zohran Mamdani appeared Wednesday on ""Good Morning America.""",Policy,Neutral
Kihyeok,abc-news,"WATCH: Democrat Zohran Mamdani will win the NYC mayoral race, ABC News projects",Mamdani is set to be the city's first Muslim mayor of south Asian descent.,Political Identity,Neutral
Kihyeok,abc-news,What to know about Zohran Mamdani's wife Rama Duwaji,Duwaji appeared with Mamdani after he secured his election win on Tuesday night.,Political Identity,Neutral
Kihyeok,abc-news,"How Mamdani clinched the votes of young people, newcomers to NYC",Exit polls revealed Mamdani captured the majority of votes from the younger population and newcomers to the city.,Election,Positive
Kihyeok,abc-news,Led by an immigrant': NYC Mayor-elect Mamdani calls out Trump in victory speech,The results of the mayoral race that skyrocketed to national attention are in: 34-year-old Zohran Mamdani is projected to be the next mayor of New York City.,Political Identity,Neutral
Kihyeok,abc-news,NYC candidate Andrew Cuomo: 'You can be a New Yorker and not understand New Yorkers',Cuomo sat down with ABC News' Linsey Davis on Thursday.,Opinion,Negative
Kihyeok,abc-news,"Zohran Mamdani makes history -- and strikes a chord among Muslims, South Asians",Democrat Zohran Mamdani's projected victory as New York City’s first Muslim and South Asian mayor marks a historic moment.,Political Identity,Positive
Kihyeok,abc-news,New York City mayoral election results: Mamdani is projected winner in historic win,Follow live election results and candidate updates for NYC’s mayoral race.,Election,Positive
Kihyeok,abc-news,WATCH: Trump goes after Mamdani a day after NYC mayoral election,"President Trump said he'll ""take care"" of New York City after self-described democratic socialist Zohran Mandani won the city's mayoral election on Tuesday night.",Opinion,Negative
Kihyeok,abc-news,"Mamdani's effect: Experts predict more millennial, Gen Z candidates will seek office","Zohran Mamdani's historic election win will likely not be the last time a candidate under 35 will win a major race, political experts said.",Social Response,Positive
Kihyeok,new-york-magazine,Zohran Mamdani’s Young Revolution,"New York was once a city of possibilities, even for the less well-off. Can it be again?, wonders columnist Errol Louis.",Election,Positive
Kihyeok,new-york-magazine,The 25 Young(ish) New Democrats to Watch,"Who, beyond Alexandria Ocasio-Cortez, Zohran Mamdani, and Jon Ossoff, are most likely to rebuild the Democratic Party?",Political Identity,Neutral
Kihyeok,new-york-magazine,What Curtis Sliwa Told Zohran Mamdani on Election Night,"Curtis Sliwa, the boisterous Republican who frustrated Andrew Cuomo, says he plans to do the same to Zohran Mamdani after a conciliatory phone call last night.",Opinion,Positive
Kihyeok,new-york-magazine,Is the Democratic Party’s Future Zohran Mamdani or Mikie Sherrill?,New York and New Jersey are running a sort of experiment on the Democratic Party. Is the future an outsider like Zohran Mamdani or an Establishment figure like Mikie Sherrill? David Freedlander reports.,Political Identity,Neutral
Kihyeok,new-york-magazine,"Mamdani Is a New York Miracle, Not a National Model for Democrats","Zohran Mamdani is doing better and generating more excitement than centrist 2025 candidates like Mikie Sherrill and Abigail Spanberger. But that’s mostly about the context. Mamdani is a New York miracle, not a national model for Democrats.",Opinion,Positive
Kihyeok,new-york-magazine,Cuomo Laughed When He Was Told Mamdani Would Cheer Another 9/11,"During an AM radio interview, Andrew Cuomo seemed to laugh at host Sid Rosenberg’s claim that Zohran Mamdani would cheer another 9/11. Mamdani called the moment ‘disgusting,’ while the Cuomo campaign swears it’s not what it sounds like.",Opinion,Negative
Kihyeok,new-york-magazine,The Heiress Who Could Make or Break the Socialist Mayor,"Police commissioner Jessica Tisch and Zohran Mamdani don’t seem to have much in common, but they could be a powerful duo, Ross Barkan writes.",Political Identity,Neutral
Kihyeok,new-york-magazine,Stefanik’s Campaign Launch Is Much About Mamdani,"In a video launching her gubernatorial campaign, Elise Stefanik tries to tie Kathy Hochul to Zohran Mamdani while also vowing to fight for affordability. She doesn’t mention Trump at all.",Opinion,Positive
Kihyeok,new-york-magazine,How the Housing Proposals Will Turbocharge Mayor Mamdani,Nia Prater reports that three ballot initiatives approved by New Yorkers will turbocharge Mayor-elect Zohran Mamdani’s agenda to build more housing.,Policy,Positive
Kihyeok,new-york-magazine,Record-Breaking Early Voting Looks Good for Mamdani,"Voters turned out in record numbers during the first weekend of early voting, a possible boon to Zohran Mamdani who benefited from high enthusiasm in June.",Election,Positive
Kihyeok,new-york-magazine,Schumer Still Mum on Mamdani Endorsement As Election Day Looms,"With Election Day less than a week away, Senate majority leader Chuck Schumer has yet to endorse Zohran Mamdani, telling a reporter that they’re continuing to talk.",Opinion,Neutral
Kihyeok,new-york-magazine,The End of the Bully,Ross Barkan writes that Zohran Mamdani defeated Andrew Cuomo and his cutthroat style of politics he tried and failed to bring from Albany to New York City.,Opinion,Positive
Kihyeok,new-york-magazine,What Do the Final New York Mayoral-Race Polls Say?,"With days to go before Election Night, here’s where Zohran Mamdani, Andrew Cuomo, and Curtis Sliwa currently stand in the mayoral polls.",Election,Neutral
Kihyeok,new-york-magazine,Bill de Blasio Impostor Dupes U.K. Paper With Fake Anti-Mamdani Quotes,The Times of London was forced to retract an article after it ran quotes criticizing Zohran Mamdani from a person claiming to be former mayor Bill de Blasio.,Opinion,Negative
Kihyeok,new-york-magazine,Jeffries Finally Endorses Mamdani in the Most Tepid Way Possible,"After holding out for months, at almost the last possible moment before early voting begins, the House minority leader Hakeem Jeffries officially okayed the idea of Zohran Mamdani for mayor.",Opinion,Positive
Kihyeok,usa-today,Zohran Mamdani says Andrew Cuomo uses 'racist' attacks in NYC mayor's race,"NYC mayoral frontrunner Zohran Mamdani, a Democrat said the ""disgusting"" attacks on his Muslim faith are coming from both parties.",Opinion,Negative
Kihyeok,new-york-magazine,Will It Be Mamdani or Cuomo? Election Night Live Updates.,"Tonight’s the night. We’ll soon know whether the next mayor of New York will be Zohran Mamdani or Andrew Cuomo. Here are the latest results and updates, along with analysis and commentary, as Election Night plays out.",Election,Neutral
Kihyeok,new-york-magazine,Six Things to Know Now That It’s Election Day,"When we may know the winner, what the turnout means so far, and some other things to think about now that mayoral race between Zohran Mamdani and Andrew Cuomo is about to end.",Election,Neutral
Kihyeok,new-york-magazine,What Did the 2025 Election Mean?,"There’s a lot of excitement following Zohran Mamdani’s and Democrats’ big victories. There are a lot of takes, too. Here are some of the most interesting ones.",Opinion,Positive
Kihyeok,usa-today,Democratic socialist Zohran Mamdani shoots to stardom ‘like a young Obama',The overnight sensation leading NYC polls has a lot in common with another telegenic young politician who skyrocketed to fame.,Political Identity,Positive
Kihyeok,new-york-magazine,What the Polls Got Right and Wrong in the 2025 Elections,"In the scattered elections of 2025, polls underestimated the Democratic vote in New Jersey and Virginia and missed a Republican collapse in New York City — though they did predict Zohran Mamdani’s election as mayor.",Election,Neutral
Kihyeok,new-york-magazine,Eric Adams Is Endorsing ‘Snake and Liar’ Cuomo for Mayor,Soon-to-be former mayor Eric Adams and former governor who wants to be mayor Andrew Cuomo are making nice in the hopes of stopping Zohran Mamdani. It’s not clear if Adams will also say Cuomo is no longer ‘a snake and a liar.’,Opinion,Neutral
Kihyeok,usa-today,ICE raids. US-China talks. Zohran Mamdani. Takeaways from Trump's '60 Minutes' interview.,"President Donald Trump said immigration officials ""haven't gone far enough"" despite criticism, and that China won't attack Taiwan.",Political Identity,Neutral
Kihyeok,new-york-magazine,ICE Wants NYPD Cops Who Are Mad About Mamdani,The agency put out a new recruitment ad that tries to promote and capitalize on postelection angst within the NYPD.,Social Response,Negative
Kihyeok,new-york-magazine,Cuomo Is Racking Up Weird Last-Minute Endorsements,"In the final days of the mayoral race, former governor Andrew Cuomo has been racking up quasi-endorsements from Donald Trump, Elon Musk, and some self-professed foes.",Election,Neutral
Kihyeok,new-york-magazine,A Very Close Look at How Mamdani Carried the City,A conversation with voting data savant Michael Lange about where Mamdani and Cuomo dominated and what surprised him in the results.,Election,Positive
Kihyeok,new-york-magazine,A Mayor for a New Age,"Mamdani’s win is astonishing and important. Next, he rises to the massive challenges of governing New York City, writes columnist Ross Barkan.",Opinion,Positive
Kihyeok,new-york-magazine,Why Almost All Signs Point to a Mamdani Victory,"A long talk with political analyst Michael Lange about what we’ve learned from the massive New York City early vote, the final phase of the campaign, and why he’s as confident as ever about Mamdani claiming a big victory.",Election,Positive
Kihyeok,usa-today,"Zohran Mamdani's bold ideas won't fix all of New York, but they're why he'll win | Opinion",Zohran Mamdani isn't going to change the city as much as fearmongering centrist Democrats and Republicans say he will.,Opinion,Negative
Kihyeok,nbc-news,"Zohran Mamdani, Bernie Sanders and Alexandria Ocasio-Cortez slam Trump at raucous rally","New York City mayoral hopeful Zohran Mamdani and two of his most prominent backers, Sen.",Opinion,Positive
Kihyeok,nbc-news,Zohran Mamdani wins the New York mayoral race,"Zohran Mamdani has won New York’s mayoral race, NBC News projects, after the 34-year-old democratic socialist energized progressives in the city and across the country while generating intense backlash from President Donald Trump and Republicans, as well as s…",Election,Positive
Kihyeok,nbc-news,Hakeem Jeffries endorses Zohran Mamdani for New York City mayor,"House Minority Leader Hakeem Jeffries on Friday endorsed the Democratic nominee in the New York City mayoral race, Zohran Mamdani",Opinion,Positive
Kihyeok,nbc-news,Inside Zohran Mamdani’s private influencer briefing,"Zohran Mamdani’s rapid rise in New York City has gone hand in hand with his savvy social media presence and easy navigation of the universe of influential podcasters, YouTubers and TikTokers",Election,Positive
Kihyeok,nbc-news,Trump says Jewish people who support Zohran Mamdani for New York City mayor are 'stupid',"President Donald Trump said Tuesday that any Jewish person who votes for Assemblyman Zohran Mamdani, the Democratic nominee for New York City mayor, is ""stupid.""“Any Jewish person that votes for Zohran Mamdani, a proven and self professed JEW HATER, is a stup…",Political Identity,Negative
Kihyeok,nbc-news,The GOP's move to take Mamdani national: From the Politics Desk,Republicans are increasingly eager to elevate New York City mayoral front-runner Zohran Mamdani ahead of next year's midterm elections.,Election,Neutral
Kihyeok,nbc-news,Republicans work to make Zohran Mamdani the face of the Democratic Party,"Republicans are working to tie Zohran Mamdani, the Democratic socialist running for New York mayor, to the entire Democratic Party ahead of the midterm elections next year.",Election,Neutral
Kihyeok,nbc-news,Trump endorses Andrew Cuomo on eve of New York mayoral election: 'You really have no choice',"The president endorsed Cuomo, who is running as an independent against Democratic nominee Zohran Mamdani, instead of Republican candidate Curtis Sliwa.",Election,Neutral
Kihyeok,nbc-news,"Zohran Mamdani decries 'racist, baseless attacks' in an emotional speech about Islamophobia in New York City","One day before early voting begins in the New York mayoral race, Democratic nominee Zohran Mamdani condemned the “racist, baseless” attacks he’s faced in recent days, saying the attacks exemplify the islamophobia Muslims all over New York face every day.""I ha…",Political Identity,Positive
Kihyeok,nbc-news,Zohran Mamdani and Andrew Cuomo trade insults in final NYC mayoral debate,Zohran Mamdani and Andrew Cuomo clashed Wednesday in a final New York City mayoral debate that put on full display their personal animosity and their array of disagreements on both city and national issues,Election,Neutral
Kihyeok,nbc-news,Zohran Mamdani's rise shines a brighter spotlight on democratic socialists,"Mamdani’s surge past former Gov. Andrew Cuomo in June’s Democratic primary for New York City mayor didn’t just put the 34-year-old state assemblyman on the political map. It also shined a brighter spotlight on the Democratic Socialists of America, or DSA.",Election,Positive
Kihyeok,nbc-news,Cuomo says 'that's another problem' when radio host says Mamdani would cheer a terror attack,"Former New York Gov. Andrew Cuomo appeared to laugh briefly and agree with a radio host who said during a Thursday interview that Zohran Mamdani would be ""cheering"" if ""another 9/11"" happened on his watch.",Opinion,Negative
Kihyeok,nbc-news,Zohran Mamdani takes on governing as the left and right fight to define him,Zohran Mamdani’s rapid rise from outer-borough state assemblyman to shock Democratic mayoral nominee was already one of the biggest political stories in years in New York City,Election,Neutral
Kihyeok,nbc-news,Pro-Andrew Cuomo super PAC depicts Zohran Mamdani in front of Twin Towers attack in late ad,A super PAC supporting former New York Gov.,Opinion,Negative
Kihyeok,nbc-news,Mamdani vows New York will lead opposition to Trump in a fiery speech,"In his first speech as the next mayor of New York, Zohran Mamdani made clear he and his city are coming for President Donald Trump.""If anyone can show a nation betrayed by Donald Trump how to defeat him, it is the city that gave rise to him,"" Mamdani said at …",Political Identity,Neutral
Kihyeok,nbc-news,"Views of capitalism slip, but socialism is still unpopular even as Mamdani gains prominence","The share of registered voters with positive views of capitalism has dropped under 50% for the first time in seven years of NBC News polling on the issue — a shift that comes as some democratic socialists, like New York mayoral hopeful Zohran Mamdani, gain pr…",Political Identity,Neutral
Kihyeok,nbc-news,Newspaper removes interview with Bill de Blasio after former NYC mayor says the quotes were 'fabricated',"A British newspaper has removed an article that included quotes attributed to former New York City Mayor Bill de Blasio criticizing Democratic mayoral nominee Zohran Mamdani after de Blasio said the quotes were fabricated.""The story in the Times of London is …",Social Response,Neutral
Kihyeok,usa-today,Mamdani’s plan to kill gifted education won't fix inequality. It will deepen it. | Opinion,"It is no longer enough to give equal opportunities to every student, as the 14th Amendment to the U.S. Constitution requires.",Opinion,Negative
Kihyeok,nbc-news,The perfect storm that will raise ACA costs and Mamdani's Trump strategy: Morning Rundown,What to know about Affordable Care Act open enrollment and its rising costs.,Social Response,Negative
Kihyeok,the-atlantic,The Mafia Style in American Politics,"Trump is saying, essentially, If you don’t want to get hurt, you’ll do what I say.",Opinion,Negative
Kihyeok,business-insider,"Zohran Mamdani's most popular policy proposal is raising taxes on millionaires and corporations, new poll finds","Mamdani's most popular proposal, according to the poll, is raising taxes on millionaires and corporations.",Policy,Neutral
Kihyeok,gothamist,Mayor-elect Zohran Mamdani picks Bill de Blasio veteran for top deputy,"Mayor-elect Zohran Mamdani speaks at a press conference at the Unisphere in Queens on Nov. 5, 2025.
 

He named Dean Fuleihan as first deputy and Elle Bisgaard-Church as chief of staff. [ more › ]",Policy,Neutral
Kihyeok,gothamist,Mayor Adams aims to save Elizabeth Street Garden by making it official NYC park,"The Elizabeth Street Garden is currently managed by the Department of Citywide Administrative Services. By transferring it to the parks department, incoming Mayor Zohran Mamdani would need approval from the state legislature to make good on a long-planned hou…",Policy,Positive
Kihyeok,ca-national-news,"Why Trump’s battle with U.S. mayors might hurt everyone, even him",New York City mayor-elect Zohran Mamdani is another Democratic mayor in an acrimonious relationship with U.S. President Donald Trump. But observers say these relationships matter and can impact both those mayors' cities and Trump's political ambitions.,Opinion,Neutral
Kihyeok,fox-news,Meet the socialist Mamdani-style mayor just elected to run West Coast's 5th largest city,"Seattle elects socialist mayor Katie Wilson, defeating incumbent Bruce Harrell in a tight race. Wilson has been compared to NYC's Zohran Mamdani for progressive policies.",Political Identity,Neutral
Kihyeok,fox-news,Zohran Mamdani tells 1M social media followers to boycott Starbucks amid ongoing worker strike,A major Starbucks union strike on Thursday coincided with the chain's popular Red Cup Day as NYC's incoming mayor Zohran Mamdani backs a worker boycott.,Policy,Neutral
Kihyeok,fox-news,Socialist wave goes coast-to-coast as historic wins shake up the 2025 mayoral elections,"The Democratic Socialists of America celebrated their biggest ballot victory yet as Zohran Mamdani won in New York City, while socialist Katie Wilson was elected to lead Seattle.",Election,Positive
Kihyeok,abc-news,"Will the rich leave New York City after Mamdani takes office? Probably not, experts say","Will the rich leave New York City after Mamdani takes office? Probably not, experts saygo.com",Social Response,Positive